Method,Init_Method,AL_Method,Episode,TestAccuracy
Hard-to-Contrast_Random,Hard-to-Contrast,Random,10,38.59
Hard-to-Contrast_Random,Hard-to-Contrast,Random,20,37.08
Hard-to-Contrast_Random,Hard-to-Contrast,Random,30,43.48
Hard-to-Contrast_Random,Hard-to-Contrast,Random,40,36.62
Hard-to-Contrast_Random,Hard-to-Contrast,Random,50,57.76
Hard-to-Contrast_Random,Hard-to-Contrast,Random,60,52.77
Hard-to-Contrast_Random,Hard-to-Contrast,Random,70,60.19
Hard-to-Contrast_Random,Hard-to-Contrast,Random,80,60.82
Hard-to-Contrast_Random,Hard-to-Contrast,Random,90,56.88
Hard-to-Contrast_Random,Hard-to-Contrast,Random,100,54.57
Hard-to-Contrast_Random,Hard-to-Contrast,Random,110,55.06
Hard-to-Contrast_Random,Hard-to-Contrast,Random,10,38.59
Hard-to-Contrast_Random,Hard-to-Contrast,Random,20,48.9
Hard-to-Contrast_Random,Hard-to-Contrast,Random,30,52.05
Hard-to-Contrast_Random,Hard-to-Contrast,Random,40,54.21
Hard-to-Contrast_Random,Hard-to-Contrast,Random,50,52.2
Hard-to-Contrast_Random,Hard-to-Contrast,Random,60,57.05
Hard-to-Contrast_Random,Hard-to-Contrast,Random,70,51.59
Hard-to-Contrast_Random,Hard-to-Contrast,Random,80,67.28
Hard-to-Contrast_Random,Hard-to-Contrast,Random,90,60.15
Hard-to-Contrast_Random,Hard-to-Contrast,Random,100,60.07
Hard-to-Contrast_Random,Hard-to-Contrast,Random,110,63.29
Hard-to-Contrast_Random,Hard-to-Contrast,Random,10,38.59
Hard-to-Contrast_Random,Hard-to-Contrast,Random,20,49.69
Hard-to-Contrast_Random,Hard-to-Contrast,Random,30,56.25
Hard-to-Contrast_Random,Hard-to-Contrast,Random,40,49.12
Hard-to-Contrast_Random,Hard-to-Contrast,Random,50,46.91
Hard-to-Contrast_Random,Hard-to-Contrast,Random,60,48.3
Hard-to-Contrast_Random,Hard-to-Contrast,Random,70,47.38
Hard-to-Contrast_Random,Hard-to-Contrast,Random,80,63.2
Hard-to-Contrast_Random,Hard-to-Contrast,Random,90,65.91
Hard-to-Contrast_Random,Hard-to-Contrast,Random,100,64.28
Hard-to-Contrast_Random,Hard-to-Contrast,Random,110,66.04
Easy-to-Contrast_Random,Easy-to-Contrast,Random,10,15.84
Easy-to-Contrast_Random,Easy-to-Contrast,Random,20,13.76
Easy-to-Contrast_Random,Easy-to-Contrast,Random,30,29.05
Easy-to-Contrast_Random,Easy-to-Contrast,Random,40,40.14
Easy-to-Contrast_Random,Easy-to-Contrast,Random,50,47.74
Easy-to-Contrast_Random,Easy-to-Contrast,Random,60,48.79
Easy-to-Contrast_Random,Easy-to-Contrast,Random,70,55.85
Easy-to-Contrast_Random,Easy-to-Contrast,Random,80,58.13
Easy-to-Contrast_Random,Easy-to-Contrast,Random,90,60.25
Easy-to-Contrast_Random,Easy-to-Contrast,Random,100,61.0
Easy-to-Contrast_Random,Easy-to-Contrast,Random,110,57.99
Easy-to-Contrast_Random,Easy-to-Contrast,Random,10,15.84
Easy-to-Contrast_Random,Easy-to-Contrast,Random,20,31.03
Easy-to-Contrast_Random,Easy-to-Contrast,Random,30,36.0
Easy-to-Contrast_Random,Easy-to-Contrast,Random,40,34.79
Easy-to-Contrast_Random,Easy-to-Contrast,Random,50,38.59
Easy-to-Contrast_Random,Easy-to-Contrast,Random,60,42.42
Easy-to-Contrast_Random,Easy-to-Contrast,Random,70,49.09
Easy-to-Contrast_Random,Easy-to-Contrast,Random,80,48.52
Easy-to-Contrast_Random,Easy-to-Contrast,Random,90,52.55
Easy-to-Contrast_Random,Easy-to-Contrast,Random,100,55.39
Easy-to-Contrast_Random,Easy-to-Contrast,Random,110,54.69
Easy-to-Contrast_Random,Easy-to-Contrast,Random,10,15.84
Easy-to-Contrast_Random,Easy-to-Contrast,Random,20,21.07
Easy-to-Contrast_Random,Easy-to-Contrast,Random,30,39.01
Easy-to-Contrast_Random,Easy-to-Contrast,Random,40,50.14
Easy-to-Contrast_Random,Easy-to-Contrast,Random,50,55.18
Easy-to-Contrast_Random,Easy-to-Contrast,Random,60,53.48
Easy-to-Contrast_Random,Easy-to-Contrast,Random,70,61.98
Easy-to-Contrast_Random,Easy-to-Contrast,Random,80,60.13
Easy-to-Contrast_Random,Easy-to-Contrast,Random,90,60.86
Easy-to-Contrast_Random,Easy-to-Contrast,Random,100,64.94
Easy-to-Contrast_Random,Easy-to-Contrast,Random,110,61.92
Easy-to-Learn_Random,Easy-to-Learn,Random,10,11.8
Easy-to-Learn_Random,Easy-to-Learn,Random,20,20.1
Easy-to-Learn_Random,Easy-to-Learn,Random,30,24.61
Easy-to-Learn_Random,Easy-to-Learn,Random,40,42.26
Easy-to-Learn_Random,Easy-to-Learn,Random,50,38.83
Easy-to-Learn_Random,Easy-to-Learn,Random,60,44.9
Easy-to-Learn_Random,Easy-to-Learn,Random,70,49.42
Easy-to-Learn_Random,Easy-to-Learn,Random,80,50.15
Easy-to-Learn_Random,Easy-to-Learn,Random,90,55.89
Easy-to-Learn_Random,Easy-to-Learn,Random,100,57.6
Easy-to-Learn_Random,Easy-to-Learn,Random,110,58.66
Easy-to-Learn_Random,Easy-to-Learn,Random,10,11.8
Easy-to-Learn_Random,Easy-to-Learn,Random,20,23.47
Easy-to-Learn_Random,Easy-to-Learn,Random,30,40.78
Easy-to-Learn_Random,Easy-to-Learn,Random,40,56.45
Easy-to-Learn_Random,Easy-to-Learn,Random,50,58.89
Easy-to-Learn_Random,Easy-to-Learn,Random,60,50.85
Easy-to-Learn_Random,Easy-to-Learn,Random,70,48.61
Easy-to-Learn_Random,Easy-to-Learn,Random,80,47.41
Easy-to-Learn_Random,Easy-to-Learn,Random,90,46.94
Easy-to-Learn_Random,Easy-to-Learn,Random,100,53.97
Easy-to-Learn_Random,Easy-to-Learn,Random,110,60.86
Easy-to-Learn_Random,Easy-to-Learn,Random,10,11.8
Easy-to-Learn_Random,Easy-to-Learn,Random,20,36.85
Easy-to-Learn_Random,Easy-to-Learn,Random,30,41.91
Easy-to-Learn_Random,Easy-to-Learn,Random,40,49.82
Easy-to-Learn_Random,Easy-to-Learn,Random,50,52.87
Easy-to-Learn_Random,Easy-to-Learn,Random,60,57.95
Easy-to-Learn_Random,Easy-to-Learn,Random,70,50.84
Easy-to-Learn_Random,Easy-to-Learn,Random,80,51.46
Easy-to-Learn_Random,Easy-to-Learn,Random,90,53.04
Easy-to-Learn_Random,Easy-to-Learn,Random,100,54.9
Easy-to-Learn_Random,Easy-to-Learn,Random,110,58.11
Consistency_Random,Consistency,Random,10,32.65
Consistency_Random,Consistency,Random,20,40.45
Consistency_Random,Consistency,Random,30,42.3
Consistency_Random,Consistency,Random,40,39.61
Consistency_Random,Consistency,Random,50,54.47
Consistency_Random,Consistency,Random,60,57.94
Consistency_Random,Consistency,Random,70,59.94
Consistency_Random,Consistency,Random,80,61.14
Consistency_Random,Consistency,Random,90,59.43
Consistency_Random,Consistency,Random,100,60.29
Consistency_Random,Consistency,Random,110,60.77
Consistency_Random,Consistency,Random,10,32.65
Consistency_Random,Consistency,Random,20,44.58
Consistency_Random,Consistency,Random,30,43.31
Consistency_Random,Consistency,Random,40,58.96
Consistency_Random,Consistency,Random,50,52.02
Consistency_Random,Consistency,Random,60,59.26
Consistency_Random,Consistency,Random,70,59.65
Consistency_Random,Consistency,Random,80,60.91
Consistency_Random,Consistency,Random,90,57.03
Consistency_Random,Consistency,Random,100,58.05
Consistency_Random,Consistency,Random,110,57.19
Consistency_Random,Consistency,Random,10,32.65
Consistency_Random,Consistency,Random,20,32.63
Consistency_Random,Consistency,Random,30,39.92
Consistency_Random,Consistency,Random,40,47.92
Consistency_Random,Consistency,Random,50,41.49
Consistency_Random,Consistency,Random,60,44.74
Consistency_Random,Consistency,Random,70,51.63
Consistency_Random,Consistency,Random,80,49.75
Consistency_Random,Consistency,Random,90,56.04
Consistency_Random,Consistency,Random,100,48.01
Consistency_Random,Consistency,Random,110,48.52
Entropy_Random,Entropy,Random,10,4.92
Entropy_Random,Entropy,Random,20,23.12
Entropy_Random,Entropy,Random,30,41.73
Entropy_Random,Entropy,Random,40,46.07
Entropy_Random,Entropy,Random,50,54.67
Entropy_Random,Entropy,Random,60,53.51
Entropy_Random,Entropy,Random,70,58.36
Entropy_Random,Entropy,Random,80,56.69
Entropy_Random,Entropy,Random,90,57.88
Entropy_Random,Entropy,Random,100,54.75
Entropy_Random,Entropy,Random,110,48.09
Entropy_Random,Entropy,Random,10,4.92
Entropy_Random,Entropy,Random,20,30.38
Entropy_Random,Entropy,Random,30,48.26
Entropy_Random,Entropy,Random,40,49.22
Entropy_Random,Entropy,Random,50,46.27
Entropy_Random,Entropy,Random,60,46.71
Entropy_Random,Entropy,Random,70,49.51
Entropy_Random,Entropy,Random,80,36.53
Entropy_Random,Entropy,Random,90,54.48
Entropy_Random,Entropy,Random,100,59.82
Entropy_Random,Entropy,Random,110,57.69
Entropy_Random,Entropy,Random,10,4.92
Entropy_Random,Entropy,Random,20,30.78
Entropy_Random,Entropy,Random,30,29.65
Entropy_Random,Entropy,Random,40,33.97
Entropy_Random,Entropy,Random,50,39.85
Entropy_Random,Entropy,Random,60,38.34
Entropy_Random,Entropy,Random,70,42.83
Entropy_Random,Entropy,Random,80,51.07
Entropy_Random,Entropy,Random,90,51.89
Entropy_Random,Entropy,Random,100,46.94
Entropy_Random,Entropy,Random,110,51.34
Margin_Random,Margin,Random,10,32.6
Margin_Random,Margin,Random,20,45.82
Margin_Random,Margin,Random,30,50.45
Margin_Random,Margin,Random,40,60.85
Margin_Random,Margin,Random,50,53.45
Margin_Random,Margin,Random,60,55.4
Margin_Random,Margin,Random,70,58.62
Margin_Random,Margin,Random,80,61.95
Margin_Random,Margin,Random,90,64.44
Margin_Random,Margin,Random,100,66.38
Margin_Random,Margin,Random,110,65.28
Margin_Random,Margin,Random,10,32.6
Margin_Random,Margin,Random,20,36.49
Margin_Random,Margin,Random,30,50.18
Margin_Random,Margin,Random,40,58.06
Margin_Random,Margin,Random,50,56.87
Margin_Random,Margin,Random,60,55.85
Margin_Random,Margin,Random,70,55.32
Margin_Random,Margin,Random,80,57.01
Margin_Random,Margin,Random,90,60.6
Margin_Random,Margin,Random,100,60.08
Margin_Random,Margin,Random,110,62.67
Margin_Random,Margin,Random,10,32.6
Margin_Random,Margin,Random,20,35.42
Margin_Random,Margin,Random,30,44.57
Margin_Random,Margin,Random,40,41.14
Margin_Random,Margin,Random,50,44.79
Margin_Random,Margin,Random,60,42.03
Margin_Random,Margin,Random,70,46.21
Margin_Random,Margin,Random,80,55.95
Margin_Random,Margin,Random,90,58.62
Margin_Random,Margin,Random,100,55.39
Margin_Random,Margin,Random,110,55.67
BALD_Random,BALD,Random,10,5.31
BALD_Random,BALD,Random,20,28.51
BALD_Random,BALD,Random,30,36.94
BALD_Random,BALD,Random,40,43.3
BALD_Random,BALD,Random,50,53.57
BALD_Random,BALD,Random,60,51.21
BALD_Random,BALD,Random,70,54.69
BALD_Random,BALD,Random,80,60.36
BALD_Random,BALD,Random,90,59.68
BALD_Random,BALD,Random,100,65.45
BALD_Random,BALD,Random,110,67.4
BALD_Random,BALD,Random,10,5.31
BALD_Random,BALD,Random,20,25.97
BALD_Random,BALD,Random,30,41.02
BALD_Random,BALD,Random,40,41.23
BALD_Random,BALD,Random,50,42.37
BALD_Random,BALD,Random,60,54.37
BALD_Random,BALD,Random,70,54.71
BALD_Random,BALD,Random,80,56.63
BALD_Random,BALD,Random,90,52.62
BALD_Random,BALD,Random,100,51.69
BALD_Random,BALD,Random,110,54.18
BALD_Random,BALD,Random,10,5.31
BALD_Random,BALD,Random,20,26.57
BALD_Random,BALD,Random,30,38.57
BALD_Random,BALD,Random,40,50.33
BALD_Random,BALD,Random,50,53.37
BALD_Random,BALD,Random,60,58.04
BALD_Random,BALD,Random,70,60.6
BALD_Random,BALD,Random,80,57.42
BALD_Random,BALD,Random,90,56.5
BALD_Random,BALD,Random,100,57.31
BALD_Random,BALD,Random,110,57.65
VAAL_Random,VAAL,Random,10,11.8
VAAL_Random,VAAL,Random,20,40.68
VAAL_Random,VAAL,Random,30,39.64
VAAL_Random,VAAL,Random,40,47.8
VAAL_Random,VAAL,Random,50,55.47
VAAL_Random,VAAL,Random,60,52.74
VAAL_Random,VAAL,Random,70,55.93
VAAL_Random,VAAL,Random,80,54.55
VAAL_Random,VAAL,Random,90,48.7
VAAL_Random,VAAL,Random,100,49.76
VAAL_Random,VAAL,Random,110,51.5
VAAL_Random,VAAL,Random,10,11.8
VAAL_Random,VAAL,Random,20,21.49
VAAL_Random,VAAL,Random,30,25.84
VAAL_Random,VAAL,Random,40,34.87
VAAL_Random,VAAL,Random,50,52.7
VAAL_Random,VAAL,Random,60,50.74
VAAL_Random,VAAL,Random,70,52.86
VAAL_Random,VAAL,Random,80,52.86
VAAL_Random,VAAL,Random,90,48.37
VAAL_Random,VAAL,Random,100,52.92
VAAL_Random,VAAL,Random,110,50.49
VAAL_Random,VAAL,Random,10,11.8
VAAL_Random,VAAL,Random,20,39.48
VAAL_Random,VAAL,Random,30,38.05
VAAL_Random,VAAL,Random,40,43.2
VAAL_Random,VAAL,Random,50,45.65
VAAL_Random,VAAL,Random,60,45.0
VAAL_Random,VAAL,Random,70,50.33
VAAL_Random,VAAL,Random,80,49.94
VAAL_Random,VAAL,Random,90,50.03
VAAL_Random,VAAL,Random,100,50.24
VAAL_Random,VAAL,Random,110,49.79
Coreset_Random,Coreset,Random,10,24.3
Coreset_Random,Coreset,Random,20,37.13
Coreset_Random,Coreset,Random,30,48.68
Coreset_Random,Coreset,Random,40,51.1
Coreset_Random,Coreset,Random,50,54.89
Coreset_Random,Coreset,Random,60,56.09
Coreset_Random,Coreset,Random,70,48.34
Coreset_Random,Coreset,Random,80,62.83
Coreset_Random,Coreset,Random,90,61.23
Coreset_Random,Coreset,Random,100,60.47
Coreset_Random,Coreset,Random,110,62.99
Coreset_Random,Coreset,Random,10,24.3
Coreset_Random,Coreset,Random,20,29.14
Coreset_Random,Coreset,Random,30,40.18
Coreset_Random,Coreset,Random,40,32.87
Coreset_Random,Coreset,Random,50,39.48
Coreset_Random,Coreset,Random,60,44.64
Coreset_Random,Coreset,Random,70,50.22
Coreset_Random,Coreset,Random,80,52.67
Coreset_Random,Coreset,Random,90,53.57
Coreset_Random,Coreset,Random,100,60.77
Coreset_Random,Coreset,Random,110,61.03
Coreset_Random,Coreset,Random,10,24.3
Coreset_Random,Coreset,Random,20,39.21
Coreset_Random,Coreset,Random,30,45.46
Coreset_Random,Coreset,Random,40,56.6
Coreset_Random,Coreset,Random,50,53.51
Coreset_Random,Coreset,Random,60,47.84
Coreset_Random,Coreset,Random,70,49.94
Coreset_Random,Coreset,Random,80,60.84
Coreset_Random,Coreset,Random,90,62.27
Coreset_Random,Coreset,Random,100,63.77
Coreset_Random,Coreset,Random,110,62.79
Hard-to-Contrast_Entropy,Hard-to-Contrast,Entropy,10,38.59
Hard-to-Contrast_Entropy,Hard-to-Contrast,Entropy,20,53.61
Hard-to-Contrast_Entropy,Hard-to-Contrast,Entropy,30,54.72
Hard-to-Contrast_Entropy,Hard-to-Contrast,Entropy,40,53.04
Hard-to-Contrast_Entropy,Hard-to-Contrast,Entropy,50,52.44
Hard-to-Contrast_Entropy,Hard-to-Contrast,Entropy,60,55.4
Hard-to-Contrast_Entropy,Hard-to-Contrast,Entropy,70,47.81
Hard-to-Contrast_Entropy,Hard-to-Contrast,Entropy,80,57.17
Hard-to-Contrast_Entropy,Hard-to-Contrast,Entropy,90,58.09
Hard-to-Contrast_Entropy,Hard-to-Contrast,Entropy,100,57.14
Hard-to-Contrast_Entropy,Hard-to-Contrast,Entropy,110,63.43
Hard-to-Contrast_Entropy,Hard-to-Contrast,Entropy,10,38.59
Hard-to-Contrast_Entropy,Hard-to-Contrast,Entropy,20,44.32
Hard-to-Contrast_Entropy,Hard-to-Contrast,Entropy,30,50.39
Hard-to-Contrast_Entropy,Hard-to-Contrast,Entropy,40,52.17
Hard-to-Contrast_Entropy,Hard-to-Contrast,Entropy,50,51.21
Hard-to-Contrast_Entropy,Hard-to-Contrast,Entropy,60,55.07
Hard-to-Contrast_Entropy,Hard-to-Contrast,Entropy,70,52.2
Hard-to-Contrast_Entropy,Hard-to-Contrast,Entropy,80,50.71
Hard-to-Contrast_Entropy,Hard-to-Contrast,Entropy,90,52.53
Hard-to-Contrast_Entropy,Hard-to-Contrast,Entropy,100,55.52
Hard-to-Contrast_Entropy,Hard-to-Contrast,Entropy,110,61.09
Hard-to-Contrast_Entropy,Hard-to-Contrast,Entropy,10,38.59
Hard-to-Contrast_Entropy,Hard-to-Contrast,Entropy,20,47.4
Hard-to-Contrast_Entropy,Hard-to-Contrast,Entropy,30,51.18
Hard-to-Contrast_Entropy,Hard-to-Contrast,Entropy,40,54.51
Hard-to-Contrast_Entropy,Hard-to-Contrast,Entropy,50,48.2
Hard-to-Contrast_Entropy,Hard-to-Contrast,Entropy,60,48.08
Hard-to-Contrast_Entropy,Hard-to-Contrast,Entropy,70,49.92
Hard-to-Contrast_Entropy,Hard-to-Contrast,Entropy,80,53.55
Hard-to-Contrast_Entropy,Hard-to-Contrast,Entropy,90,53.06
Hard-to-Contrast_Entropy,Hard-to-Contrast,Entropy,100,52.02
Hard-to-Contrast_Entropy,Hard-to-Contrast,Entropy,110,56.32
Easy-to-Contrast_Entropy,Easy-to-Contrast,Entropy,10,15.84
Easy-to-Contrast_Entropy,Easy-to-Contrast,Entropy,20,16.03
Easy-to-Contrast_Entropy,Easy-to-Contrast,Entropy,30,23.29
Easy-to-Contrast_Entropy,Easy-to-Contrast,Entropy,40,26.07
Easy-to-Contrast_Entropy,Easy-to-Contrast,Entropy,50,32.08
Easy-to-Contrast_Entropy,Easy-to-Contrast,Entropy,60,30.07
Easy-to-Contrast_Entropy,Easy-to-Contrast,Entropy,70,33.96
Easy-to-Contrast_Entropy,Easy-to-Contrast,Entropy,80,51.56
Easy-to-Contrast_Entropy,Easy-to-Contrast,Entropy,90,47.94
Easy-to-Contrast_Entropy,Easy-to-Contrast,Entropy,100,47.48
Easy-to-Contrast_Entropy,Easy-to-Contrast,Entropy,110,42.55
Easy-to-Contrast_Entropy,Easy-to-Contrast,Entropy,10,15.84
Easy-to-Contrast_Entropy,Easy-to-Contrast,Entropy,20,35.79
Easy-to-Contrast_Entropy,Easy-to-Contrast,Entropy,30,35.5
Easy-to-Contrast_Entropy,Easy-to-Contrast,Entropy,40,40.5
Easy-to-Contrast_Entropy,Easy-to-Contrast,Entropy,50,42.26
Easy-to-Contrast_Entropy,Easy-to-Contrast,Entropy,60,49.28
Easy-to-Contrast_Entropy,Easy-to-Contrast,Entropy,70,36.88
Easy-to-Contrast_Entropy,Easy-to-Contrast,Entropy,80,52.92
Easy-to-Contrast_Entropy,Easy-to-Contrast,Entropy,90,50.81
Easy-to-Contrast_Entropy,Easy-to-Contrast,Entropy,100,49.0
Easy-to-Contrast_Entropy,Easy-to-Contrast,Entropy,110,48.91
Easy-to-Contrast_Entropy,Easy-to-Contrast,Entropy,10,15.84
Easy-to-Contrast_Entropy,Easy-to-Contrast,Entropy,20,18.73
Easy-to-Contrast_Entropy,Easy-to-Contrast,Entropy,30,16.92
Easy-to-Contrast_Entropy,Easy-to-Contrast,Entropy,40,18.37
Easy-to-Contrast_Entropy,Easy-to-Contrast,Entropy,50,30.53
Easy-to-Contrast_Entropy,Easy-to-Contrast,Entropy,60,28.25
Easy-to-Contrast_Entropy,Easy-to-Contrast,Entropy,70,45.78
Easy-to-Contrast_Entropy,Easy-to-Contrast,Entropy,80,34.54
Easy-to-Contrast_Entropy,Easy-to-Contrast,Entropy,90,37.13
Easy-to-Contrast_Entropy,Easy-to-Contrast,Entropy,100,33.18
Easy-to-Contrast_Entropy,Easy-to-Contrast,Entropy,110,48.31
Easy-to-Learn_Entropy,Easy-to-Learn,Entropy,10,11.8
Easy-to-Learn_Entropy,Easy-to-Learn,Entropy,20,11.8
Easy-to-Learn_Entropy,Easy-to-Learn,Entropy,30,11.8
Easy-to-Learn_Entropy,Easy-to-Learn,Entropy,40,11.8
Easy-to-Learn_Entropy,Easy-to-Learn,Entropy,50,11.8
Easy-to-Learn_Entropy,Easy-to-Learn,Entropy,60,20.63
Easy-to-Learn_Entropy,Easy-to-Learn,Entropy,70,28.38
Easy-to-Learn_Entropy,Easy-to-Learn,Entropy,80,27.06
Easy-to-Learn_Entropy,Easy-to-Learn,Entropy,90,29.3
Easy-to-Learn_Entropy,Easy-to-Learn,Entropy,100,46.96
Easy-to-Learn_Entropy,Easy-to-Learn,Entropy,110,48.31
Easy-to-Learn_Entropy,Easy-to-Learn,Entropy,10,11.8
Easy-to-Learn_Entropy,Easy-to-Learn,Entropy,20,11.8
Easy-to-Learn_Entropy,Easy-to-Learn,Entropy,30,11.8
Easy-to-Learn_Entropy,Easy-to-Learn,Entropy,40,11.8
Easy-to-Learn_Entropy,Easy-to-Learn,Entropy,50,11.8
Easy-to-Learn_Entropy,Easy-to-Learn,Entropy,60,11.8
Easy-to-Learn_Entropy,Easy-to-Learn,Entropy,70,23.8
Easy-to-Learn_Entropy,Easy-to-Learn,Entropy,80,26.39
Easy-to-Learn_Entropy,Easy-to-Learn,Entropy,90,42.52
Easy-to-Learn_Entropy,Easy-to-Learn,Entropy,100,52.4
Easy-to-Learn_Entropy,Easy-to-Learn,Entropy,110,55.81
Easy-to-Learn_Entropy,Easy-to-Learn,Entropy,10,11.8
Easy-to-Learn_Entropy,Easy-to-Learn,Entropy,20,11.8
Easy-to-Learn_Entropy,Easy-to-Learn,Entropy,30,11.8
Easy-to-Learn_Entropy,Easy-to-Learn,Entropy,40,11.8
Easy-to-Learn_Entropy,Easy-to-Learn,Entropy,50,11.8
Easy-to-Learn_Entropy,Easy-to-Learn,Entropy,60,11.8
Easy-to-Learn_Entropy,Easy-to-Learn,Entropy,70,24.78
Easy-to-Learn_Entropy,Easy-to-Learn,Entropy,80,48.06
Easy-to-Learn_Entropy,Easy-to-Learn,Entropy,90,52.02
Easy-to-Learn_Entropy,Easy-to-Learn,Entropy,100,50.86
Easy-to-Learn_Entropy,Easy-to-Learn,Entropy,110,59.44
Consistency_Entropy,Consistency,Entropy,10,32.65
Consistency_Entropy,Consistency,Entropy,20,36.85
Consistency_Entropy,Consistency,Entropy,30,46.34
Consistency_Entropy,Consistency,Entropy,40,42.88
Consistency_Entropy,Consistency,Entropy,50,39.11
Consistency_Entropy,Consistency,Entropy,60,47.99
Consistency_Entropy,Consistency,Entropy,70,52.34
Consistency_Entropy,Consistency,Entropy,80,49.33
Consistency_Entropy,Consistency,Entropy,90,50.74
Consistency_Entropy,Consistency,Entropy,100,54.48
Consistency_Entropy,Consistency,Entropy,110,57.42
Consistency_Entropy,Consistency,Entropy,10,32.65
Consistency_Entropy,Consistency,Entropy,20,35.68
Consistency_Entropy,Consistency,Entropy,30,39.12
Consistency_Entropy,Consistency,Entropy,40,42.33
Consistency_Entropy,Consistency,Entropy,50,41.43
Consistency_Entropy,Consistency,Entropy,60,47.38
Consistency_Entropy,Consistency,Entropy,70,50.72
Consistency_Entropy,Consistency,Entropy,80,58.79
Consistency_Entropy,Consistency,Entropy,90,50.35
Consistency_Entropy,Consistency,Entropy,100,59.01
Consistency_Entropy,Consistency,Entropy,110,57.62
Consistency_Entropy,Consistency,Entropy,10,32.65
Consistency_Entropy,Consistency,Entropy,20,37.23
Consistency_Entropy,Consistency,Entropy,30,49.82
Consistency_Entropy,Consistency,Entropy,40,39.61
Consistency_Entropy,Consistency,Entropy,50,42.81
Consistency_Entropy,Consistency,Entropy,60,53.01
Consistency_Entropy,Consistency,Entropy,70,54.36
Consistency_Entropy,Consistency,Entropy,80,57.13
Consistency_Entropy,Consistency,Entropy,90,54.64
Consistency_Entropy,Consistency,Entropy,100,54.35
Consistency_Entropy,Consistency,Entropy,110,55.64
Entropy_Entropy,Entropy,Entropy,10,4.92
Entropy_Entropy,Entropy,Entropy,20,9.83
Entropy_Entropy,Entropy,Entropy,30,23.54
Entropy_Entropy,Entropy,Entropy,40,34.65
Entropy_Entropy,Entropy,Entropy,50,39.74
Entropy_Entropy,Entropy,Entropy,60,41.95
Entropy_Entropy,Entropy,Entropy,70,43.36
Entropy_Entropy,Entropy,Entropy,80,46.0
Entropy_Entropy,Entropy,Entropy,90,47.23
Entropy_Entropy,Entropy,Entropy,100,46.6
Entropy_Entropy,Entropy,Entropy,110,47.91
Entropy_Entropy,Entropy,Entropy,10,4.92
Entropy_Entropy,Entropy,Entropy,20,6.89
Entropy_Entropy,Entropy,Entropy,30,23.47
Entropy_Entropy,Entropy,Entropy,40,29.04
Entropy_Entropy,Entropy,Entropy,50,41.38
Entropy_Entropy,Entropy,Entropy,60,42.3
Entropy_Entropy,Entropy,Entropy,70,44.39
Entropy_Entropy,Entropy,Entropy,80,52.34
Entropy_Entropy,Entropy,Entropy,90,52.87
Entropy_Entropy,Entropy,Entropy,100,54.43
Entropy_Entropy,Entropy,Entropy,110,52.73
Entropy_Entropy,Entropy,Entropy,10,4.92
Entropy_Entropy,Entropy,Entropy,20,7.05
Entropy_Entropy,Entropy,Entropy,30,23.87
Entropy_Entropy,Entropy,Entropy,40,29.01
Entropy_Entropy,Entropy,Entropy,50,32.09
Entropy_Entropy,Entropy,Entropy,60,30.47
Entropy_Entropy,Entropy,Entropy,70,40.29
Entropy_Entropy,Entropy,Entropy,80,39.6
Entropy_Entropy,Entropy,Entropy,90,41.62
Entropy_Entropy,Entropy,Entropy,100,46.98
Entropy_Entropy,Entropy,Entropy,110,48.19
Margin_Entropy,Margin,Entropy,10,32.6
Margin_Entropy,Margin,Entropy,20,43.9
Margin_Entropy,Margin,Entropy,30,39.72
Margin_Entropy,Margin,Entropy,40,40.45
Margin_Entropy,Margin,Entropy,50,41.67
Margin_Entropy,Margin,Entropy,60,41.75
Margin_Entropy,Margin,Entropy,70,41.45
Margin_Entropy,Margin,Entropy,80,37.42
Margin_Entropy,Margin,Entropy,90,37.65
Margin_Entropy,Margin,Entropy,100,48.55
Margin_Entropy,Margin,Entropy,110,40.53
Margin_Entropy,Margin,Entropy,10,32.6
Margin_Entropy,Margin,Entropy,20,32.08
Margin_Entropy,Margin,Entropy,30,33.44
Margin_Entropy,Margin,Entropy,40,38.04
Margin_Entropy,Margin,Entropy,50,39.74
Margin_Entropy,Margin,Entropy,60,38.4
Margin_Entropy,Margin,Entropy,70,34.43
Margin_Entropy,Margin,Entropy,80,41.09
Margin_Entropy,Margin,Entropy,90,44.9
Margin_Entropy,Margin,Entropy,100,47.17
Margin_Entropy,Margin,Entropy,110,47.74
Margin_Entropy,Margin,Entropy,10,32.6
Margin_Entropy,Margin,Entropy,20,41.98
Margin_Entropy,Margin,Entropy,30,39.48
Margin_Entropy,Margin,Entropy,40,35.96
Margin_Entropy,Margin,Entropy,50,34.12
Margin_Entropy,Margin,Entropy,60,43.72
Margin_Entropy,Margin,Entropy,70,47.62
Margin_Entropy,Margin,Entropy,80,52.34
Margin_Entropy,Margin,Entropy,90,57.86
Margin_Entropy,Margin,Entropy,100,56.2
Margin_Entropy,Margin,Entropy,110,62.33
BALD_Entropy,BALD,Entropy,10,5.31
BALD_Entropy,BALD,Entropy,20,18.93
BALD_Entropy,BALD,Entropy,30,19.86
BALD_Entropy,BALD,Entropy,40,18.5
BALD_Entropy,BALD,Entropy,50,20.22
BALD_Entropy,BALD,Entropy,60,19.81
BALD_Entropy,BALD,Entropy,70,26.59
BALD_Entropy,BALD,Entropy,80,23.15
BALD_Entropy,BALD,Entropy,90,22.3
BALD_Entropy,BALD,Entropy,100,26.23
BALD_Entropy,BALD,Entropy,110,29.6
BALD_Entropy,BALD,Entropy,10,5.31
BALD_Entropy,BALD,Entropy,20,14.75
BALD_Entropy,BALD,Entropy,30,16.56
BALD_Entropy,BALD,Entropy,40,15.07
BALD_Entropy,BALD,Entropy,50,15.75
BALD_Entropy,BALD,Entropy,60,21.73
BALD_Entropy,BALD,Entropy,70,22.02
BALD_Entropy,BALD,Entropy,80,23.66
BALD_Entropy,BALD,Entropy,90,25.17
BALD_Entropy,BALD,Entropy,100,23.47
BALD_Entropy,BALD,Entropy,110,26.41
BALD_Entropy,BALD,Entropy,10,5.31
BALD_Entropy,BALD,Entropy,20,11.25
BALD_Entropy,BALD,Entropy,30,14.35
BALD_Entropy,BALD,Entropy,40,20.38
BALD_Entropy,BALD,Entropy,50,20.18
BALD_Entropy,BALD,Entropy,60,23.86
BALD_Entropy,BALD,Entropy,70,29.36
BALD_Entropy,BALD,Entropy,80,32.21
BALD_Entropy,BALD,Entropy,90,29.04
BALD_Entropy,BALD,Entropy,100,35.35
BALD_Entropy,BALD,Entropy,110,41.32
VAAL_Entropy,VAAL,Entropy,10,11.8
VAAL_Entropy,VAAL,Entropy,20,22.51
VAAL_Entropy,VAAL,Entropy,30,24.44
VAAL_Entropy,VAAL,Entropy,40,29.29
VAAL_Entropy,VAAL,Entropy,50,27.98
VAAL_Entropy,VAAL,Entropy,60,27.16
VAAL_Entropy,VAAL,Entropy,70,32.84
VAAL_Entropy,VAAL,Entropy,80,29.09
VAAL_Entropy,VAAL,Entropy,90,37.79
VAAL_Entropy,VAAL,Entropy,100,39.18
VAAL_Entropy,VAAL,Entropy,110,43.45
VAAL_Entropy,VAAL,Entropy,10,11.8
VAAL_Entropy,VAAL,Entropy,20,15.45
VAAL_Entropy,VAAL,Entropy,30,27.99
VAAL_Entropy,VAAL,Entropy,40,30.26
VAAL_Entropy,VAAL,Entropy,50,33.82
VAAL_Entropy,VAAL,Entropy,60,39.0
VAAL_Entropy,VAAL,Entropy,70,40.43
VAAL_Entropy,VAAL,Entropy,80,52.69
VAAL_Entropy,VAAL,Entropy,90,48.79
VAAL_Entropy,VAAL,Entropy,100,51.77
VAAL_Entropy,VAAL,Entropy,110,50.54
VAAL_Entropy,VAAL,Entropy,10,11.8
VAAL_Entropy,VAAL,Entropy,20,22.52
VAAL_Entropy,VAAL,Entropy,30,23.3
VAAL_Entropy,VAAL,Entropy,40,26.56
VAAL_Entropy,VAAL,Entropy,50,25.43
VAAL_Entropy,VAAL,Entropy,60,27.41
VAAL_Entropy,VAAL,Entropy,70,33.73
VAAL_Entropy,VAAL,Entropy,80,39.67
VAAL_Entropy,VAAL,Entropy,90,44.3
VAAL_Entropy,VAAL,Entropy,100,51.14
VAAL_Entropy,VAAL,Entropy,110,57.14
Coreset_Entropy,Coreset,Entropy,10,24.3
Coreset_Entropy,Coreset,Entropy,20,30.64
Coreset_Entropy,Coreset,Entropy,30,31.0
Coreset_Entropy,Coreset,Entropy,40,35.47
Coreset_Entropy,Coreset,Entropy,50,42.99
Coreset_Entropy,Coreset,Entropy,60,41.89
Coreset_Entropy,Coreset,Entropy,70,42.84
Coreset_Entropy,Coreset,Entropy,80,47.84
Coreset_Entropy,Coreset,Entropy,90,47.8
Coreset_Entropy,Coreset,Entropy,100,59.14
Coreset_Entropy,Coreset,Entropy,110,59.14
Coreset_Entropy,Coreset,Entropy,10,24.3
Coreset_Entropy,Coreset,Entropy,20,33.22
Coreset_Entropy,Coreset,Entropy,30,47.38
Coreset_Entropy,Coreset,Entropy,40,55.78
Coreset_Entropy,Coreset,Entropy,50,62.34
Coreset_Entropy,Coreset,Entropy,60,64.37
Coreset_Entropy,Coreset,Entropy,70,58.58
Coreset_Entropy,Coreset,Entropy,80,53.77
Coreset_Entropy,Coreset,Entropy,90,55.11
Coreset_Entropy,Coreset,Entropy,100,57.05
Coreset_Entropy,Coreset,Entropy,110,56.02
Coreset_Entropy,Coreset,Entropy,10,24.3
Coreset_Entropy,Coreset,Entropy,20,30.68
Coreset_Entropy,Coreset,Entropy,30,31.66
Coreset_Entropy,Coreset,Entropy,40,41.09
Coreset_Entropy,Coreset,Entropy,50,42.55
Coreset_Entropy,Coreset,Entropy,60,42.9
Coreset_Entropy,Coreset,Entropy,70,54.55
Coreset_Entropy,Coreset,Entropy,80,56.88
Coreset_Entropy,Coreset,Entropy,90,50.43
Coreset_Entropy,Coreset,Entropy,100,49.85
Coreset_Entropy,Coreset,Entropy,110,58.4
Hard-to-Contrast_Margin,Hard-to-Contrast,Margin,10,38.59
Hard-to-Contrast_Margin,Hard-to-Contrast,Margin,20,51.04
Hard-to-Contrast_Margin,Hard-to-Contrast,Margin,30,48.52
Hard-to-Contrast_Margin,Hard-to-Contrast,Margin,40,47.2
Hard-to-Contrast_Margin,Hard-to-Contrast,Margin,50,54.21
Hard-to-Contrast_Margin,Hard-to-Contrast,Margin,60,54.55
Hard-to-Contrast_Margin,Hard-to-Contrast,Margin,70,51.07
Hard-to-Contrast_Margin,Hard-to-Contrast,Margin,80,54.62
Hard-to-Contrast_Margin,Hard-to-Contrast,Margin,90,53.83
Hard-to-Contrast_Margin,Hard-to-Contrast,Margin,100,57.47
Hard-to-Contrast_Margin,Hard-to-Contrast,Margin,110,56.5
Hard-to-Contrast_Margin,Hard-to-Contrast,Margin,10,38.59
Hard-to-Contrast_Margin,Hard-to-Contrast,Margin,20,39.11
Hard-to-Contrast_Margin,Hard-to-Contrast,Margin,30,45.13
Hard-to-Contrast_Margin,Hard-to-Contrast,Margin,40,51.59
Hard-to-Contrast_Margin,Hard-to-Contrast,Margin,50,48.75
Hard-to-Contrast_Margin,Hard-to-Contrast,Margin,60,58.52
Hard-to-Contrast_Margin,Hard-to-Contrast,Margin,70,61.92
Hard-to-Contrast_Margin,Hard-to-Contrast,Margin,80,65.26
Hard-to-Contrast_Margin,Hard-to-Contrast,Margin,90,64.32
Hard-to-Contrast_Margin,Hard-to-Contrast,Margin,100,61.7
Hard-to-Contrast_Margin,Hard-to-Contrast,Margin,110,62.53
Hard-to-Contrast_Margin,Hard-to-Contrast,Margin,10,38.59
Hard-to-Contrast_Margin,Hard-to-Contrast,Margin,20,44.74
Hard-to-Contrast_Margin,Hard-to-Contrast,Margin,30,42.79
Hard-to-Contrast_Margin,Hard-to-Contrast,Margin,40,49.61
Hard-to-Contrast_Margin,Hard-to-Contrast,Margin,50,51.95
Hard-to-Contrast_Margin,Hard-to-Contrast,Margin,60,48.47
Hard-to-Contrast_Margin,Hard-to-Contrast,Margin,70,50.86
Hard-to-Contrast_Margin,Hard-to-Contrast,Margin,80,50.4
Hard-to-Contrast_Margin,Hard-to-Contrast,Margin,90,50.75
Hard-to-Contrast_Margin,Hard-to-Contrast,Margin,100,53.77
Hard-to-Contrast_Margin,Hard-to-Contrast,Margin,110,53.2
Easy-to-Contrast_Margin,Easy-to-Contrast,Margin,10,15.84
Easy-to-Contrast_Margin,Easy-to-Contrast,Margin,20,38.18
Easy-to-Contrast_Margin,Easy-to-Contrast,Margin,30,47.17
Easy-to-Contrast_Margin,Easy-to-Contrast,Margin,40,43.27
Easy-to-Contrast_Margin,Easy-to-Contrast,Margin,50,49.28
Easy-to-Contrast_Margin,Easy-to-Contrast,Margin,60,46.66
Easy-to-Contrast_Margin,Easy-to-Contrast,Margin,70,46.73
Easy-to-Contrast_Margin,Easy-to-Contrast,Margin,80,51.16
Easy-to-Contrast_Margin,Easy-to-Contrast,Margin,90,51.92
Easy-to-Contrast_Margin,Easy-to-Contrast,Margin,100,62.02
Easy-to-Contrast_Margin,Easy-to-Contrast,Margin,110,59.74
Easy-to-Contrast_Margin,Easy-to-Contrast,Margin,10,15.84
Easy-to-Contrast_Margin,Easy-to-Contrast,Margin,20,32.28
Easy-to-Contrast_Margin,Easy-to-Contrast,Margin,30,54.82
Easy-to-Contrast_Margin,Easy-to-Contrast,Margin,40,63.41
Easy-to-Contrast_Margin,Easy-to-Contrast,Margin,50,57.13
Easy-to-Contrast_Margin,Easy-to-Contrast,Margin,60,53.15
Easy-to-Contrast_Margin,Easy-to-Contrast,Margin,70,63.76
Easy-to-Contrast_Margin,Easy-to-Contrast,Margin,80,67.19
Easy-to-Contrast_Margin,Easy-to-Contrast,Margin,90,62.06
Easy-to-Contrast_Margin,Easy-to-Contrast,Margin,100,62.8
Easy-to-Contrast_Margin,Easy-to-Contrast,Margin,110,60.49
Easy-to-Contrast_Margin,Easy-to-Contrast,Margin,10,15.84
Easy-to-Contrast_Margin,Easy-to-Contrast,Margin,20,31.34
Easy-to-Contrast_Margin,Easy-to-Contrast,Margin,30,38.8
Easy-to-Contrast_Margin,Easy-to-Contrast,Margin,40,46.2
Easy-to-Contrast_Margin,Easy-to-Contrast,Margin,50,55.86
Easy-to-Contrast_Margin,Easy-to-Contrast,Margin,60,63.31
Easy-to-Contrast_Margin,Easy-to-Contrast,Margin,70,66.62
Easy-to-Contrast_Margin,Easy-to-Contrast,Margin,80,65.74
Easy-to-Contrast_Margin,Easy-to-Contrast,Margin,90,65.35
Easy-to-Contrast_Margin,Easy-to-Contrast,Margin,100,68.47
Easy-to-Contrast_Margin,Easy-to-Contrast,Margin,110,63.87
Easy-to-Learn_Margin,Easy-to-Learn,Margin,10,11.8
Easy-to-Learn_Margin,Easy-to-Learn,Margin,20,11.8
Easy-to-Learn_Margin,Easy-to-Learn,Margin,30,11.8
Easy-to-Learn_Margin,Easy-to-Learn,Margin,40,11.8
Easy-to-Learn_Margin,Easy-to-Learn,Margin,50,11.8
Easy-to-Learn_Margin,Easy-to-Learn,Margin,60,22.12
Easy-to-Learn_Margin,Easy-to-Learn,Margin,70,16.1
Easy-to-Learn_Margin,Easy-to-Learn,Margin,80,22.7
Easy-to-Learn_Margin,Easy-to-Learn,Margin,90,27.79
Easy-to-Learn_Margin,Easy-to-Learn,Margin,100,35.29
Easy-to-Learn_Margin,Easy-to-Learn,Margin,110,39.15
Easy-to-Learn_Margin,Easy-to-Learn,Margin,10,11.8
Easy-to-Learn_Margin,Easy-to-Learn,Margin,20,11.8
Easy-to-Learn_Margin,Easy-to-Learn,Margin,30,11.8
Easy-to-Learn_Margin,Easy-to-Learn,Margin,40,11.8
Easy-to-Learn_Margin,Easy-to-Learn,Margin,50,11.8
Easy-to-Learn_Margin,Easy-to-Learn,Margin,60,31.63
Easy-to-Learn_Margin,Easy-to-Learn,Margin,70,26.14
Easy-to-Learn_Margin,Easy-to-Learn,Margin,80,31.25
Easy-to-Learn_Margin,Easy-to-Learn,Margin,90,33.55
Easy-to-Learn_Margin,Easy-to-Learn,Margin,100,38.18
Easy-to-Learn_Margin,Easy-to-Learn,Margin,110,40.63
Easy-to-Learn_Margin,Easy-to-Learn,Margin,10,11.8
Easy-to-Learn_Margin,Easy-to-Learn,Margin,20,11.8
Easy-to-Learn_Margin,Easy-to-Learn,Margin,30,11.8
Easy-to-Learn_Margin,Easy-to-Learn,Margin,40,11.8
Easy-to-Learn_Margin,Easy-to-Learn,Margin,50,11.8
Easy-to-Learn_Margin,Easy-to-Learn,Margin,60,28.96
Easy-to-Learn_Margin,Easy-to-Learn,Margin,70,28.73
Easy-to-Learn_Margin,Easy-to-Learn,Margin,80,39.09
Easy-to-Learn_Margin,Easy-to-Learn,Margin,90,44.36
Easy-to-Learn_Margin,Easy-to-Learn,Margin,100,49.53
Easy-to-Learn_Margin,Easy-to-Learn,Margin,110,55.88
Consistency_Margin,Consistency,Margin,10,32.65
Consistency_Margin,Consistency,Margin,20,45.95
Consistency_Margin,Consistency,Margin,30,45.52
Consistency_Margin,Consistency,Margin,40,43.69
Consistency_Margin,Consistency,Margin,50,58.2
Consistency_Margin,Consistency,Margin,60,55.52
Consistency_Margin,Consistency,Margin,70,64.42
Consistency_Margin,Consistency,Margin,80,62.66
Consistency_Margin,Consistency,Margin,90,61.96
Consistency_Margin,Consistency,Margin,100,63.93
Consistency_Margin,Consistency,Margin,110,65.07
Consistency_Margin,Consistency,Margin,10,32.65
Consistency_Margin,Consistency,Margin,20,46.49
Consistency_Margin,Consistency,Margin,30,55.07
Consistency_Margin,Consistency,Margin,40,54.48
Consistency_Margin,Consistency,Margin,50,58.22
Consistency_Margin,Consistency,Margin,60,48.55
Consistency_Margin,Consistency,Margin,70,48.57
Consistency_Margin,Consistency,Margin,80,56.45
Consistency_Margin,Consistency,Margin,90,60.95
Consistency_Margin,Consistency,Margin,100,58.91
Consistency_Margin,Consistency,Margin,110,54.12
Consistency_Margin,Consistency,Margin,10,32.65
Consistency_Margin,Consistency,Margin,20,52.49
Consistency_Margin,Consistency,Margin,30,47.51
Consistency_Margin,Consistency,Margin,40,51.91
Consistency_Margin,Consistency,Margin,50,56.85
Consistency_Margin,Consistency,Margin,60,60.11
Consistency_Margin,Consistency,Margin,70,60.84
Consistency_Margin,Consistency,Margin,80,62.73
Consistency_Margin,Consistency,Margin,90,66.5
Consistency_Margin,Consistency,Margin,100,65.65
Consistency_Margin,Consistency,Margin,110,61.75
Entropy_Margin,Entropy,Margin,10,4.92
Entropy_Margin,Entropy,Margin,20,13.11
Entropy_Margin,Entropy,Margin,30,25.61
Entropy_Margin,Entropy,Margin,40,37.65
Entropy_Margin,Entropy,Margin,50,44.87
Entropy_Margin,Entropy,Margin,60,54.23
Entropy_Margin,Entropy,Margin,70,53.72
Entropy_Margin,Entropy,Margin,80,52.52
Entropy_Margin,Entropy,Margin,90,53.83
Entropy_Margin,Entropy,Margin,100,52.05
Entropy_Margin,Entropy,Margin,110,53.12
Entropy_Margin,Entropy,Margin,10,4.92
Entropy_Margin,Entropy,Margin,20,16.99
Entropy_Margin,Entropy,Margin,30,15.88
Entropy_Margin,Entropy,Margin,40,18.57
Entropy_Margin,Entropy,Margin,50,32.01
Entropy_Margin,Entropy,Margin,60,36.77
Entropy_Margin,Entropy,Margin,70,36.07
Entropy_Margin,Entropy,Margin,80,42.12
Entropy_Margin,Entropy,Margin,90,56.17
Entropy_Margin,Entropy,Margin,100,59.51
Entropy_Margin,Entropy,Margin,110,47.92
Entropy_Margin,Entropy,Margin,10,4.92
Entropy_Margin,Entropy,Margin,20,25.1
Entropy_Margin,Entropy,Margin,30,27.65
Entropy_Margin,Entropy,Margin,40,29.67
Entropy_Margin,Entropy,Margin,50,47.34
Entropy_Margin,Entropy,Margin,60,33.05
Entropy_Margin,Entropy,Margin,70,43.16
Entropy_Margin,Entropy,Margin,80,52.53
Entropy_Margin,Entropy,Margin,90,53.83
Entropy_Margin,Entropy,Margin,100,54.68
Entropy_Margin,Entropy,Margin,110,53.66
Margin_Margin,Margin,Margin,10,32.6
Margin_Margin,Margin,Margin,20,30.13
Margin_Margin,Margin,Margin,30,32.34
Margin_Margin,Margin,Margin,40,47.3
Margin_Margin,Margin,Margin,50,52.05
Margin_Margin,Margin,Margin,60,56.02
Margin_Margin,Margin,Margin,70,49.92
Margin_Margin,Margin,Margin,80,51.02
Margin_Margin,Margin,Margin,90,59.05
Margin_Margin,Margin,Margin,100,60.47
Margin_Margin,Margin,Margin,110,64.65
Margin_Margin,Margin,Margin,10,32.6
Margin_Margin,Margin,Margin,20,41.92
Margin_Margin,Margin,Margin,30,50.6
Margin_Margin,Margin,Margin,40,51.74
Margin_Margin,Margin,Margin,50,62.91
Margin_Margin,Margin,Margin,60,63.45
Margin_Margin,Margin,Margin,70,61.27
Margin_Margin,Margin,Margin,80,64.29
Margin_Margin,Margin,Margin,90,66.96
Margin_Margin,Margin,Margin,100,66.28
Margin_Margin,Margin,Margin,110,65.43
Margin_Margin,Margin,Margin,10,32.6
Margin_Margin,Margin,Margin,20,48.68
Margin_Margin,Margin,Margin,30,47.3
Margin_Margin,Margin,Margin,40,64.42
Margin_Margin,Margin,Margin,50,64.29
Margin_Margin,Margin,Margin,60,62.59
Margin_Margin,Margin,Margin,70,63.22
Margin_Margin,Margin,Margin,80,62.02
Margin_Margin,Margin,Margin,90,58.47
Margin_Margin,Margin,Margin,100,60.06
Margin_Margin,Margin,Margin,110,61.62
BALD_Margin,BALD,Margin,10,5.31
BALD_Margin,BALD,Margin,20,12.45
BALD_Margin,BALD,Margin,30,14.43
BALD_Margin,BALD,Margin,40,14.53
BALD_Margin,BALD,Margin,50,22.76
BALD_Margin,BALD,Margin,60,33.37
BALD_Margin,BALD,Margin,70,37.72
BALD_Margin,BALD,Margin,80,46.23
BALD_Margin,BALD,Margin,90,45.89
BALD_Margin,BALD,Margin,100,53.13
BALD_Margin,BALD,Margin,110,55.07
BALD_Margin,BALD,Margin,10,5.31
BALD_Margin,BALD,Margin,20,17.08
BALD_Margin,BALD,Margin,30,15.18
BALD_Margin,BALD,Margin,40,17.35
BALD_Margin,BALD,Margin,50,21.74
BALD_Margin,BALD,Margin,60,29.9
BALD_Margin,BALD,Margin,70,27.52
BALD_Margin,BALD,Margin,80,33.87
BALD_Margin,BALD,Margin,90,39.67
BALD_Margin,BALD,Margin,100,45.58
BALD_Margin,BALD,Margin,110,52.55
BALD_Margin,BALD,Margin,10,5.31
BALD_Margin,BALD,Margin,20,11.56
BALD_Margin,BALD,Margin,30,28.91
BALD_Margin,BALD,Margin,40,39.61
BALD_Margin,BALD,Margin,50,36.42
BALD_Margin,BALD,Margin,60,46.53
BALD_Margin,BALD,Margin,70,46.1
BALD_Margin,BALD,Margin,80,34.61
BALD_Margin,BALD,Margin,90,48.75
BALD_Margin,BALD,Margin,100,55.01
BALD_Margin,BALD,Margin,110,47.99
VAAL_Margin,VAAL,Margin,10,11.8
VAAL_Margin,VAAL,Margin,20,29.58
VAAL_Margin,VAAL,Margin,30,30.46
VAAL_Margin,VAAL,Margin,40,39.48
VAAL_Margin,VAAL,Margin,50,35.49
VAAL_Margin,VAAL,Margin,60,38.68
VAAL_Margin,VAAL,Margin,70,40.65
VAAL_Margin,VAAL,Margin,80,46.84
VAAL_Margin,VAAL,Margin,90,52.94
VAAL_Margin,VAAL,Margin,100,53.79
VAAL_Margin,VAAL,Margin,110,54.12
VAAL_Margin,VAAL,Margin,10,11.8
VAAL_Margin,VAAL,Margin,20,24.43
VAAL_Margin,VAAL,Margin,30,31.2
VAAL_Margin,VAAL,Margin,40,26.98
VAAL_Margin,VAAL,Margin,50,49.08
VAAL_Margin,VAAL,Margin,60,51.81
VAAL_Margin,VAAL,Margin,70,53.01
VAAL_Margin,VAAL,Margin,80,55.4
VAAL_Margin,VAAL,Margin,90,57.97
VAAL_Margin,VAAL,Margin,100,61.04
VAAL_Margin,VAAL,Margin,110,63.87
VAAL_Margin,VAAL,Margin,10,11.8
VAAL_Margin,VAAL,Margin,20,14.18
VAAL_Margin,VAAL,Margin,30,29.0
VAAL_Margin,VAAL,Margin,40,37.05
VAAL_Margin,VAAL,Margin,50,42.98
VAAL_Margin,VAAL,Margin,60,53.3
VAAL_Margin,VAAL,Margin,70,49.55
VAAL_Margin,VAAL,Margin,80,50.85
VAAL_Margin,VAAL,Margin,90,50.17
VAAL_Margin,VAAL,Margin,100,54.01
VAAL_Margin,VAAL,Margin,110,58.16
Coreset_Margin,Coreset,Margin,10,24.3
Coreset_Margin,Coreset,Margin,20,40.78
Coreset_Margin,Coreset,Margin,30,43.79
Coreset_Margin,Coreset,Margin,40,44.67
Coreset_Margin,Coreset,Margin,50,50.24
Coreset_Margin,Coreset,Margin,60,46.3
Coreset_Margin,Coreset,Margin,70,55.56
Coreset_Margin,Coreset,Margin,80,60.32
Coreset_Margin,Coreset,Margin,90,61.39
Coreset_Margin,Coreset,Margin,100,56.96
Coreset_Margin,Coreset,Margin,110,63.02
Coreset_Margin,Coreset,Margin,10,24.3
Coreset_Margin,Coreset,Margin,20,33.38
Coreset_Margin,Coreset,Margin,30,46.55
Coreset_Margin,Coreset,Margin,40,37.62
Coreset_Margin,Coreset,Margin,50,41.14
Coreset_Margin,Coreset,Margin,60,49.44
Coreset_Margin,Coreset,Margin,70,52.35
Coreset_Margin,Coreset,Margin,80,54.55
Coreset_Margin,Coreset,Margin,90,55.08
Coreset_Margin,Coreset,Margin,100,56.73
Coreset_Margin,Coreset,Margin,110,63.08
Coreset_Margin,Coreset,Margin,10,24.3
Coreset_Margin,Coreset,Margin,20,43.76
Coreset_Margin,Coreset,Margin,30,40.63
Coreset_Margin,Coreset,Margin,40,52.91
Coreset_Margin,Coreset,Margin,50,54.55
Coreset_Margin,Coreset,Margin,60,56.87
Coreset_Margin,Coreset,Margin,70,52.77
Coreset_Margin,Coreset,Margin,80,58.37
Coreset_Margin,Coreset,Margin,90,53.77
Coreset_Margin,Coreset,Margin,100,60.92
Coreset_Margin,Coreset,Margin,110,63.5
Hard-to-Contrast_BALD,Hard-to-Contrast,BALD,10,38.59
Hard-to-Contrast_BALD,Hard-to-Contrast,BALD,20,48.77
Hard-to-Contrast_BALD,Hard-to-Contrast,BALD,30,48.15
Hard-to-Contrast_BALD,Hard-to-Contrast,BALD,40,47.58
Hard-to-Contrast_BALD,Hard-to-Contrast,BALD,50,47.51
Hard-to-Contrast_BALD,Hard-to-Contrast,BALD,60,43.9
Hard-to-Contrast_BALD,Hard-to-Contrast,BALD,70,45.25
Hard-to-Contrast_BALD,Hard-to-Contrast,BALD,80,37.92
Hard-to-Contrast_BALD,Hard-to-Contrast,BALD,90,42.8
Hard-to-Contrast_BALD,Hard-to-Contrast,BALD,100,43.2
Hard-to-Contrast_BALD,Hard-to-Contrast,BALD,110,46.56
Hard-to-Contrast_BALD,Hard-to-Contrast,BALD,10,38.59
Hard-to-Contrast_BALD,Hard-to-Contrast,BALD,20,44.72
Hard-to-Contrast_BALD,Hard-to-Contrast,BALD,30,44.83
Hard-to-Contrast_BALD,Hard-to-Contrast,BALD,40,46.52
Hard-to-Contrast_BALD,Hard-to-Contrast,BALD,50,45.61
Hard-to-Contrast_BALD,Hard-to-Contrast,BALD,60,43.96
Hard-to-Contrast_BALD,Hard-to-Contrast,BALD,70,45.85
Hard-to-Contrast_BALD,Hard-to-Contrast,BALD,80,42.79
Hard-to-Contrast_BALD,Hard-to-Contrast,BALD,90,44.76
Hard-to-Contrast_BALD,Hard-to-Contrast,BALD,100,47.21
Hard-to-Contrast_BALD,Hard-to-Contrast,BALD,110,49.53
Hard-to-Contrast_BALD,Hard-to-Contrast,BALD,10,38.59
Hard-to-Contrast_BALD,Hard-to-Contrast,BALD,20,44.19
Hard-to-Contrast_BALD,Hard-to-Contrast,BALD,30,42.51
Hard-to-Contrast_BALD,Hard-to-Contrast,BALD,40,48.09
Hard-to-Contrast_BALD,Hard-to-Contrast,BALD,50,46.24
Hard-to-Contrast_BALD,Hard-to-Contrast,BALD,60,48.84
Hard-to-Contrast_BALD,Hard-to-Contrast,BALD,70,50.22
Hard-to-Contrast_BALD,Hard-to-Contrast,BALD,80,48.19
Hard-to-Contrast_BALD,Hard-to-Contrast,BALD,90,42.94
Hard-to-Contrast_BALD,Hard-to-Contrast,BALD,100,45.4
Hard-to-Contrast_BALD,Hard-to-Contrast,BALD,110,45.74
Easy-to-Contrast_BALD,Easy-to-Contrast,BALD,10,15.84
Easy-to-Contrast_BALD,Easy-to-Contrast,BALD,20,22.26
Easy-to-Contrast_BALD,Easy-to-Contrast,BALD,30,22.26
Easy-to-Contrast_BALD,Easy-to-Contrast,BALD,40,29.85
Easy-to-Contrast_BALD,Easy-to-Contrast,BALD,50,26.84
Easy-to-Contrast_BALD,Easy-to-Contrast,BALD,60,28.34
Easy-to-Contrast_BALD,Easy-to-Contrast,BALD,70,24.26
Easy-to-Contrast_BALD,Easy-to-Contrast,BALD,80,29.64
Easy-to-Contrast_BALD,Easy-to-Contrast,BALD,90,35.19
Easy-to-Contrast_BALD,Easy-to-Contrast,BALD,100,37.06
Easy-to-Contrast_BALD,Easy-to-Contrast,BALD,110,39.82
Easy-to-Contrast_BALD,Easy-to-Contrast,BALD,10,15.84
Easy-to-Contrast_BALD,Easy-to-Contrast,BALD,10,15.84
Easy-to-Learn_BALD,Easy-to-Learn,BALD,10,11.8
Easy-to-Learn_BALD,Easy-to-Learn,BALD,20,11.8
Easy-to-Learn_BALD,Easy-to-Learn,BALD,30,14.61
Easy-to-Learn_BALD,Easy-to-Learn,BALD,40,18.86
Easy-to-Learn_BALD,Easy-to-Learn,BALD,50,26.31
Easy-to-Learn_BALD,Easy-to-Learn,BALD,60,27.97
Easy-to-Learn_BALD,Easy-to-Learn,BALD,10,11.8
Easy-to-Learn_BALD,Easy-to-Learn,BALD,20,11.8
Easy-to-Learn_BALD,Easy-to-Learn,BALD,30,11.8
Easy-to-Learn_BALD,Easy-to-Learn,BALD,40,27.45
Easy-to-Learn_BALD,Easy-to-Learn,BALD,50,38.65
Easy-to-Learn_BALD,Easy-to-Learn,BALD,60,47.88
Easy-to-Learn_BALD,Easy-to-Learn,BALD,10,11.8
Easy-to-Learn_BALD,Easy-to-Learn,BALD,20,11.8
Easy-to-Learn_BALD,Easy-to-Learn,BALD,30,11.8
Easy-to-Learn_BALD,Easy-to-Learn,BALD,40,32.09
Easy-to-Learn_BALD,Easy-to-Learn,BALD,50,38.5
Easy-to-Learn_BALD,Easy-to-Learn,BALD,60,33.59
Easy-to-Learn_BALD,Easy-to-Learn,BALD,70,33.04
Easy-to-Learn_BALD,Easy-to-Learn,BALD,80,32.16
Easy-to-Learn_BALD,Easy-to-Learn,BALD,90,34.5
Easy-to-Learn_BALD,Easy-to-Learn,BALD,100,37.13
Easy-to-Learn_BALD,Easy-to-Learn,BALD,110,42.62
Consistency_BALD,Consistency,BALD,10,32.65
Consistency_BALD,Consistency,BALD,20,42.8
Consistency_BALD,Consistency,BALD,30,47.16
Consistency_BALD,Consistency,BALD,40,46.02
Consistency_BALD,Consistency,BALD,50,53.59
Consistency_BALD,Consistency,BALD,60,49.11
Consistency_BALD,Consistency,BALD,10,32.65
Consistency_BALD,Consistency,BALD,20,40.45
Consistency_BALD,Consistency,BALD,30,44.19
Consistency_BALD,Consistency,BALD,40,46.56
Consistency_BALD,Consistency,BALD,50,48.37
Consistency_BALD,Consistency,BALD,60,42.79
Consistency_BALD,Consistency,BALD,10,32.65
Consistency_BALD,Consistency,BALD,20,35.04
Consistency_BALD,Consistency,BALD,30,42.12
Consistency_BALD,Consistency,BALD,40,41.71
Consistency_BALD,Consistency,BALD,50,40.29
Consistency_BALD,Consistency,BALD,60,42.28
Entropy_BALD,Entropy,BALD,10,4.92
Entropy_BALD,Entropy,BALD,20,8.15
Entropy_BALD,Entropy,BALD,30,11.04
Entropy_BALD,Entropy,BALD,40,23.29
Entropy_BALD,Entropy,BALD,50,21.42
Entropy_BALD,Entropy,BALD,60,21.99
Entropy_BALD,Entropy,BALD,10,4.92
Entropy_BALD,Entropy,BALD,20,10.52
Entropy_BALD,Entropy,BALD,30,11.39
Entropy_BALD,Entropy,BALD,40,20.36
Entropy_BALD,Entropy,BALD,50,22.19
Entropy_BALD,Entropy,BALD,60,21.69
Entropy_BALD,Entropy,BALD,10,4.92
Entropy_BALD,Entropy,BALD,20,8.8
Entropy_BALD,Entropy,BALD,30,14.09
Entropy_BALD,Entropy,BALD,40,17.86
Entropy_BALD,Entropy,BALD,50,19.29
Entropy_BALD,Entropy,BALD,60,17.81
Margin_BALD,Margin,BALD,10,32.6
Margin_BALD,Margin,BALD,20,34.87
Margin_BALD,Margin,BALD,30,40.88
Margin_BALD,Margin,BALD,40,44.97
Margin_BALD,Margin,BALD,50,42.91
Margin_BALD,Margin,BALD,60,46.7
Margin_BALD,Margin,BALD,70,46.75
Margin_BALD,Margin,BALD,80,48.27
Margin_BALD,Margin,BALD,90,49.58
Margin_BALD,Margin,BALD,100,49.18
Margin_BALD,Margin,BALD,110,50.81
Margin_BALD,Margin,BALD,10,32.6
Margin_BALD,Margin,BALD,20,34.54
Margin_BALD,Margin,BALD,30,38.44
Margin_BALD,Margin,BALD,40,35.7
Margin_BALD,Margin,BALD,50,35.95
Margin_BALD,Margin,BALD,60,36.45
Margin_BALD,Margin,BALD,70,37.17
Margin_BALD,Margin,BALD,80,36.64
Margin_BALD,Margin,BALD,90,41.14
Margin_BALD,Margin,BALD,100,41.45
Margin_BALD,Margin,BALD,110,41.1
Margin_BALD,Margin,BALD,10,32.6
Margin_BALD,Margin,BALD,20,39.65
Margin_BALD,Margin,BALD,30,40.72
Margin_BALD,Margin,BALD,40,46.32
Margin_BALD,Margin,BALD,50,53.97
Margin_BALD,Margin,BALD,60,53.82
Margin_BALD,Margin,BALD,70,52.19
Margin_BALD,Margin,BALD,80,55.93
Margin_BALD,Margin,BALD,90,53.9
Margin_BALD,Margin,BALD,100,56.13
Margin_BALD,Margin,BALD,110,56.53
BALD_BALD,BALD,BALD,10,5.31
BALD_BALD,BALD,BALD,10,5.31
BALD_BALD,BALD,BALD,10,5.31
VAAL_BALD,VAAL,BALD,10,11.8
VAAL_BALD,VAAL,BALD,20,14.75
VAAL_BALD,VAAL,BALD,30,44.79
VAAL_BALD,VAAL,BALD,40,43.52
VAAL_BALD,VAAL,BALD,50,47.1
VAAL_BALD,VAAL,BALD,60,38.4
VAAL_BALD,VAAL,BALD,70,39.29
VAAL_BALD,VAAL,BALD,80,43.01
VAAL_BALD,VAAL,BALD,90,44.9
VAAL_BALD,VAAL,BALD,100,43.58
VAAL_BALD,VAAL,BALD,110,41.95
VAAL_BALD,VAAL,BALD,10,11.8
VAAL_BALD,VAAL,BALD,20,16.46
VAAL_BALD,VAAL,BALD,30,19.72
VAAL_BALD,VAAL,BALD,40,49.4
VAAL_BALD,VAAL,BALD,50,41.42
VAAL_BALD,VAAL,BALD,60,44.19
VAAL_BALD,VAAL,BALD,70,45.6
VAAL_BALD,VAAL,BALD,80,51.0
VAAL_BALD,VAAL,BALD,90,50.21
VAAL_BALD,VAAL,BALD,100,48.25
VAAL_BALD,VAAL,BALD,110,50.33
VAAL_BALD,VAAL,BALD,10,11.8
VAAL_BALD,VAAL,BALD,20,14.15
VAAL_BALD,VAAL,BALD,30,21.63
VAAL_BALD,VAAL,BALD,40,25.32
VAAL_BALD,VAAL,BALD,50,34.74
VAAL_BALD,VAAL,BALD,60,47.91
VAAL_BALD,VAAL,BALD,70,46.21
VAAL_BALD,VAAL,BALD,80,48.7
VAAL_BALD,VAAL,BALD,90,47.62
VAAL_BALD,VAAL,BALD,100,48.47
VAAL_BALD,VAAL,BALD,110,48.7
Coreset_BALD,Coreset,BALD,10,24.3
Coreset_BALD,Coreset,BALD,20,32.02
Coreset_BALD,Coreset,BALD,30,45.07
Coreset_BALD,Coreset,BALD,40,57.91
Coreset_BALD,Coreset,BALD,50,43.48
Coreset_BALD,Coreset,BALD,60,40.17
Coreset_BALD,Coreset,BALD,70,51.09
Coreset_BALD,Coreset,BALD,80,49.71
Coreset_BALD,Coreset,BALD,90,44.12
Coreset_BALD,Coreset,BALD,100,44.76
Coreset_BALD,Coreset,BALD,110,51.16
Coreset_BALD,Coreset,BALD,10,24.3
Coreset_BALD,Coreset,BALD,20,27.92
Coreset_BALD,Coreset,BALD,30,38.19
Coreset_BALD,Coreset,BALD,40,30.4
Coreset_BALD,Coreset,BALD,50,31.52
Coreset_BALD,Coreset,BALD,60,36.55
Coreset_BALD,Coreset,BALD,70,39.39
Coreset_BALD,Coreset,BALD,80,45.22
Coreset_BALD,Coreset,BALD,90,50.47
Coreset_BALD,Coreset,BALD,100,48.4
Coreset_BALD,Coreset,BALD,110,46.35
Coreset_BALD,Coreset,BALD,10,24.3
Coreset_BALD,Coreset,BALD,20,33.06
Coreset_BALD,Coreset,BALD,30,35.29
Coreset_BALD,Coreset,BALD,40,37.09
Coreset_BALD,Coreset,BALD,50,38.69
Coreset_BALD,Coreset,BALD,60,39.85
Coreset_BALD,Coreset,BALD,70,39.74
Coreset_BALD,Coreset,BALD,80,48.73
Coreset_BALD,Coreset,BALD,90,42.63
Coreset_BALD,Coreset,BALD,100,43.22
Coreset_BALD,Coreset,BALD,110,49.35
Hard-to-Contrast_Coreset,Hard-to-Contrast,Coreset,10,38.59
Hard-to-Contrast_Coreset,Hard-to-Contrast,Coreset,20,45.28
Hard-to-Contrast_Coreset,Hard-to-Contrast,Coreset,30,37.98
Hard-to-Contrast_Coreset,Hard-to-Contrast,Coreset,40,51.55
Hard-to-Contrast_Coreset,Hard-to-Contrast,Coreset,50,55.18
Hard-to-Contrast_Coreset,Hard-to-Contrast,Coreset,60,62.95
Hard-to-Contrast_Coreset,Hard-to-Contrast,Coreset,70,62.13
Hard-to-Contrast_Coreset,Hard-to-Contrast,Coreset,80,59.79
Hard-to-Contrast_Coreset,Hard-to-Contrast,Coreset,90,61.78
Hard-to-Contrast_Coreset,Hard-to-Contrast,Coreset,100,60.86
Hard-to-Contrast_Coreset,Hard-to-Contrast,Coreset,110,62.8
Hard-to-Contrast_Coreset,Hard-to-Contrast,Coreset,10,38.59
Hard-to-Contrast_Coreset,Hard-to-Contrast,Coreset,20,42.92
Hard-to-Contrast_Coreset,Hard-to-Contrast,Coreset,30,55.15
Hard-to-Contrast_Coreset,Hard-to-Contrast,Coreset,40,49.74
Hard-to-Contrast_Coreset,Hard-to-Contrast,Coreset,50,56.66
Hard-to-Contrast_Coreset,Hard-to-Contrast,Coreset,60,57.99
Hard-to-Contrast_Coreset,Hard-to-Contrast,Coreset,70,60.67
Hard-to-Contrast_Coreset,Hard-to-Contrast,Coreset,80,57.35
Hard-to-Contrast_Coreset,Hard-to-Contrast,Coreset,90,57.98
Hard-to-Contrast_Coreset,Hard-to-Contrast,Coreset,100,58.22
Hard-to-Contrast_Coreset,Hard-to-Contrast,Coreset,110,59.28
Hard-to-Contrast_Coreset,Hard-to-Contrast,Coreset,10,38.59
Hard-to-Contrast_Coreset,Hard-to-Contrast,Coreset,20,53.05
Hard-to-Contrast_Coreset,Hard-to-Contrast,Coreset,30,49.48
Hard-to-Contrast_Coreset,Hard-to-Contrast,Coreset,40,39.57
Hard-to-Contrast_Coreset,Hard-to-Contrast,Coreset,50,42.34
Hard-to-Contrast_Coreset,Hard-to-Contrast,Coreset,60,50.03
Hard-to-Contrast_Coreset,Hard-to-Contrast,Coreset,70,56.96
Hard-to-Contrast_Coreset,Hard-to-Contrast,Coreset,80,64.48
Hard-to-Contrast_Coreset,Hard-to-Contrast,Coreset,90,64.32
Hard-to-Contrast_Coreset,Hard-to-Contrast,Coreset,100,65.28
Hard-to-Contrast_Coreset,Hard-to-Contrast,Coreset,110,67.26
Easy-to-Contrast_Coreset,Easy-to-Contrast,Coreset,10,15.84
Easy-to-Contrast_Coreset,Easy-to-Contrast,Coreset,10,15.84
Easy-to-Contrast_Coreset,Easy-to-Contrast,Coreset,10,15.84
Easy-to-Learn_Coreset,Easy-to-Learn,Coreset,10,11.8
Easy-to-Learn_Coreset,Easy-to-Learn,Coreset,20,43.98
Easy-to-Learn_Coreset,Easy-to-Learn,Coreset,30,41.75
Easy-to-Learn_Coreset,Easy-to-Learn,Coreset,40,44.4
Easy-to-Learn_Coreset,Easy-to-Learn,Coreset,50,49.46
Easy-to-Learn_Coreset,Easy-to-Learn,Coreset,60,58.34
Easy-to-Learn_Coreset,Easy-to-Learn,Coreset,70,58.36
Easy-to-Learn_Coreset,Easy-to-Learn,Coreset,80,55.88
Easy-to-Learn_Coreset,Easy-to-Learn,Coreset,90,58.36
Easy-to-Learn_Coreset,Easy-to-Learn,Coreset,100,64.65
Easy-to-Learn_Coreset,Easy-to-Learn,Coreset,110,64.81
Easy-to-Learn_Coreset,Easy-to-Learn,Coreset,10,11.8
Easy-to-Learn_Coreset,Easy-to-Learn,Coreset,20,35.24
Easy-to-Learn_Coreset,Easy-to-Learn,Coreset,30,38.13
Easy-to-Learn_Coreset,Easy-to-Learn,Coreset,40,45.99
Easy-to-Learn_Coreset,Easy-to-Learn,Coreset,50,44.39
Easy-to-Learn_Coreset,Easy-to-Learn,Coreset,60,45.86
Easy-to-Learn_Coreset,Easy-to-Learn,Coreset,70,49.83
Easy-to-Learn_Coreset,Easy-to-Learn,Coreset,80,49.09
Easy-to-Learn_Coreset,Easy-to-Learn,Coreset,90,53.31
Easy-to-Learn_Coreset,Easy-to-Learn,Coreset,100,54.76
Easy-to-Learn_Coreset,Easy-to-Learn,Coreset,110,61.16
Easy-to-Learn_Coreset,Easy-to-Learn,Coreset,10,11.8
Easy-to-Learn_Coreset,Easy-to-Learn,Coreset,20,22.65
Easy-to-Learn_Coreset,Easy-to-Learn,Coreset,30,39.85
Easy-to-Learn_Coreset,Easy-to-Learn,Coreset,40,41.57
Easy-to-Learn_Coreset,Easy-to-Learn,Coreset,50,48.04
Easy-to-Learn_Coreset,Easy-to-Learn,Coreset,60,50.4
Easy-to-Learn_Coreset,Easy-to-Learn,Coreset,70,47.83
Easy-to-Learn_Coreset,Easy-to-Learn,Coreset,80,44.07
Easy-to-Learn_Coreset,Easy-to-Learn,Coreset,90,48.69
Easy-to-Learn_Coreset,Easy-to-Learn,Coreset,100,52.67
Easy-to-Learn_Coreset,Easy-to-Learn,Coreset,110,51.74
Consistency_Coreset,Consistency,Coreset,10,32.65
Consistency_Coreset,Consistency,Coreset,10,32.65
Consistency_Coreset,Consistency,Coreset,10,32.65
Consistency_Coreset,Consistency,Coreset,20,40.67
Consistency_Coreset,Consistency,Coreset,30,39.61
Consistency_Coreset,Consistency,Coreset,40,44.25
Consistency_Coreset,Consistency,Coreset,50,49.01
Consistency_Coreset,Consistency,Coreset,60,49.36
Consistency_Coreset,Consistency,Coreset,70,45.57
Consistency_Coreset,Consistency,Coreset,80,45.97
Consistency_Coreset,Consistency,Coreset,90,49.87
Consistency_Coreset,Consistency,Coreset,100,43.18
Consistency_Coreset,Consistency,Coreset,110,38.37
Entropy_Coreset,Entropy,Coreset,10,4.92
Entropy_Coreset,Entropy,Coreset,10,4.92
Entropy_Coreset,Entropy,Coreset,10,4.92
Entropy_Coreset,Entropy,Coreset,20,6.87
Entropy_Coreset,Entropy,Coreset,30,13.08
Entropy_Coreset,Entropy,Coreset,40,19.93
Entropy_Coreset,Entropy,Coreset,50,23.05
Entropy_Coreset,Entropy,Coreset,60,28.94
Entropy_Coreset,Entropy,Coreset,70,34.93
Entropy_Coreset,Entropy,Coreset,80,35.57
Entropy_Coreset,Entropy,Coreset,90,30.07
Entropy_Coreset,Entropy,Coreset,100,31.99
Entropy_Coreset,Entropy,Coreset,110,28.29
Margin_Coreset,Margin,Coreset,10,32.6
Margin_Coreset,Margin,Coreset,20,39.09
Margin_Coreset,Margin,Coreset,30,41.16
Margin_Coreset,Margin,Coreset,40,44.79
Margin_Coreset,Margin,Coreset,50,48.19
Margin_Coreset,Margin,Coreset,60,44.42
Margin_Coreset,Margin,Coreset,70,44.87
Margin_Coreset,Margin,Coreset,80,65.29
Margin_Coreset,Margin,Coreset,90,65.84
Margin_Coreset,Margin,Coreset,100,62.73
Margin_Coreset,Margin,Coreset,110,71.89
Margin_Coreset,Margin,Coreset,10,32.6
Margin_Coreset,Margin,Coreset,20,38.62
Margin_Coreset,Margin,Coreset,30,43.75
Margin_Coreset,Margin,Coreset,40,46.63
Margin_Coreset,Margin,Coreset,50,41.48
Margin_Coreset,Margin,Coreset,60,50.81
Margin_Coreset,Margin,Coreset,70,47.01
Margin_Coreset,Margin,Coreset,80,57.3
Margin_Coreset,Margin,Coreset,90,54.64
Margin_Coreset,Margin,Coreset,100,58.82
Margin_Coreset,Margin,Coreset,110,59.25
Margin_Coreset,Margin,Coreset,10,32.6
BALD_Coreset,BALD,Coreset,10,5.31
BALD_Coreset,BALD,Coreset,20,18.02
BALD_Coreset,BALD,Coreset,30,27.52
BALD_Coreset,BALD,Coreset,40,36.25
BALD_Coreset,BALD,Coreset,50,42.87
BALD_Coreset,BALD,Coreset,60,45.99
BALD_Coreset,BALD,Coreset,70,44.75
BALD_Coreset,BALD,Coreset,80,38.54
BALD_Coreset,BALD,Coreset,90,47.48
BALD_Coreset,BALD,Coreset,100,46.46
BALD_Coreset,BALD,Coreset,110,49.43
BALD_Coreset,BALD,Coreset,10,5.31
BALD_Coreset,BALD,Coreset,20,22.17
BALD_Coreset,BALD,Coreset,30,30.63
BALD_Coreset,BALD,Coreset,40,38.37
BALD_Coreset,BALD,Coreset,50,43.83
BALD_Coreset,BALD,Coreset,60,43.33
BALD_Coreset,BALD,Coreset,70,46.32
BALD_Coreset,BALD,Coreset,80,45.1
BALD_Coreset,BALD,Coreset,90,48.54
BALD_Coreset,BALD,Coreset,100,49.53
BALD_Coreset,BALD,Coreset,110,52.65
BALD_Coreset,BALD,Coreset,10,5.31
VAAL_Coreset,VAAL,Coreset,10,11.8
VAAL_Coreset,VAAL,Coreset,10,11.8
VAAL_Coreset,VAAL,Coreset,20,40.72
VAAL_Coreset,VAAL,Coreset,30,46.49
VAAL_Coreset,VAAL,Coreset,40,49.62
VAAL_Coreset,VAAL,Coreset,50,48.29
VAAL_Coreset,VAAL,Coreset,60,45.81
VAAL_Coreset,VAAL,Coreset,70,48.16
VAAL_Coreset,VAAL,Coreset,80,56.11
VAAL_Coreset,VAAL,Coreset,90,54.78
VAAL_Coreset,VAAL,Coreset,100,57.98
VAAL_Coreset,VAAL,Coreset,110,60.93
VAAL_Coreset,VAAL,Coreset,10,11.8
VAAL_Coreset,VAAL,Coreset,20,39.54
VAAL_Coreset,VAAL,Coreset,30,48.87
VAAL_Coreset,VAAL,Coreset,40,48.08
VAAL_Coreset,VAAL,Coreset,50,39.05
VAAL_Coreset,VAAL,Coreset,60,45.75
VAAL_Coreset,VAAL,Coreset,70,49.08
VAAL_Coreset,VAAL,Coreset,80,44.47
VAAL_Coreset,VAAL,Coreset,90,50.75
VAAL_Coreset,VAAL,Coreset,100,55.86
VAAL_Coreset,VAAL,Coreset,110,56.91
Coreset_Coreset,Coreset,Coreset,10,24.3
Coreset_Coreset,Coreset,Coreset,20,44.74
Coreset_Coreset,Coreset,Coreset,30,37.9
Coreset_Coreset,Coreset,Coreset,40,43.25
Coreset_Coreset,Coreset,Coreset,50,48.19
Coreset_Coreset,Coreset,Coreset,60,49.93
Coreset_Coreset,Coreset,Coreset,70,57.58
Coreset_Coreset,Coreset,Coreset,80,52.51
Coreset_Coreset,Coreset,Coreset,90,57.4
Coreset_Coreset,Coreset,Coreset,100,58.23
Coreset_Coreset,Coreset,Coreset,110,57.47
Coreset_Coreset,Coreset,Coreset,10,24.3
Coreset_Coreset,Coreset,Coreset,20,28.9
Coreset_Coreset,Coreset,Coreset,30,29.33
Coreset_Coreset,Coreset,Coreset,40,32.23
Coreset_Coreset,Coreset,Coreset,50,42.87
Coreset_Coreset,Coreset,Coreset,60,50.26
Coreset_Coreset,Coreset,Coreset,70,47.73
Coreset_Coreset,Coreset,Coreset,80,60.88
Coreset_Coreset,Coreset,Coreset,90,60.84
Coreset_Coreset,Coreset,Coreset,100,60.18
Coreset_Coreset,Coreset,Coreset,110,59.97
Coreset_Coreset,Coreset,Coreset,10,24.3
Coreset_Coreset,Coreset,Coreset,20,37.51
Coreset_Coreset,Coreset,Coreset,30,44.54
Coreset_Coreset,Coreset,Coreset,40,51.24
Coreset_Coreset,Coreset,Coreset,50,50.79
Coreset_Coreset,Coreset,Coreset,60,55.63
Coreset_Coreset,Coreset,Coreset,70,49.3
Coreset_Coreset,Coreset,Coreset,80,58.2
Coreset_Coreset,Coreset,Coreset,90,63.23
Coreset_Coreset,Coreset,Coreset,100,61.99
Coreset_Coreset,Coreset,Coreset,110,57.28
