Method,Init_Method,AL_Method,Episode,run1,run2,run3,run4,run5
Hard-to-Contrast_Random,Hard-to-Contrast,Random,20,79.0,79.0,79.0,79.0,79.0
Hard-to-Contrast_Random,Hard-to-Contrast,Random,30,78.0,84.0,82.0,83.0,81.0
Hard-to-Contrast_Random,Hard-to-Contrast,Random,40,81.0,88.0,83.0,81.0,85.0
Hard-to-Contrast_Random,Hard-to-Contrast,Random,50,81.0,88.0,83.0,85.0,85.0
Hard-to-Contrast_Random,Hard-to-Contrast,Random,60,82.0,88.0,85.0,86.0,86.0
Hard-to-Contrast_Random,Hard-to-Contrast,Random,70,86.0,87.0,85.0,85.0,87.0
Hard-to-Contrast_Random,Hard-to-Contrast,Random,80,88.0,89.0,87.0,86.0,88.0
Hard-to-Contrast_Random,Hard-to-Contrast,Random,90,86.0,88.0,87.0,85.0,88.0
Hard-to-Contrast_Random,Hard-to-Contrast,Random,100,89.0,89.0,87.0,86.0,88.0
Hard-to-Contrast_Random,Hard-to-Contrast,Random,110,88.0,89.0,88.0,86.0,90.0
Hard-to-Contrast_Random,Hard-to-Contrast,Random,120,90.0,90.0,89.0,88.0,91.0
Easy-to-Contrast_Random,Easy-to-Contrast,Random,20,69.0,69.0,69.0,69.0,69.0
Easy-to-Contrast_Random,Easy-to-Contrast,Random,30,71.0,68.0,71.0,73.0,77.0
Easy-to-Contrast_Random,Easy-to-Contrast,Random,40,78.0,77.0,76.0,78.0,77.0
Easy-to-Contrast_Random,Easy-to-Contrast,Random,50,81.0,77.0,79.0,80.0,82.0
Easy-to-Contrast_Random,Easy-to-Contrast,Random,60,83.0,85.0,84.0,84.0,83.0
Easy-to-Contrast_Random,Easy-to-Contrast,Random,70,87.0,85.0,86.0,84.0,85.0
Easy-to-Contrast_Random,Easy-to-Contrast,Random,80,88.0,86.0,89.0,84.0,85.0
Easy-to-Contrast_Random,Easy-to-Contrast,Random,90,89.0,86.0,89.0,86.0,87.0
Easy-to-Contrast_Random,Easy-to-Contrast,Random,100,89.0,88.0,90.0,88.0,89.0
Easy-to-Contrast_Random,Easy-to-Contrast,Random,110,88.0,90.0,90.0,88.0,90.0
Easy-to-Contrast_Random,Easy-to-Contrast,Random,120,89.0,90.0,90.0,87.0,90.0
Easy-to-Learn_Random,Easy-to-Learn,Random,20,44.0,44.0,44.0,44.0,44.0
Easy-to-Learn_Random,Easy-to-Learn,Random,30,60.0,61.0,56.00000000000001,62.0,62.0
Easy-to-Learn_Random,Easy-to-Learn,Random,40,71.0,74.0,74.0,69.0,70.0
Easy-to-Learn_Random,Easy-to-Learn,Random,50,78.0,76.0,74.0,74.0,76.0
Easy-to-Learn_Random,Easy-to-Learn,Random,60,79.0,78.0,82.0,74.0,75.0
Easy-to-Learn_Random,Easy-to-Learn,Random,70,81.0,83.0,83.0,76.0,84.0
Easy-to-Learn_Random,Easy-to-Learn,Random,80,84.0,84.0,85.0,80.0,84.0
Easy-to-Learn_Random,Easy-to-Learn,Random,90,85.0,85.0,87.0,81.0,86.0
Easy-to-Learn_Random,Easy-to-Learn,Random,100,85.0,86.0,87.0,82.0,86.0
Easy-to-Learn_Random,Easy-to-Learn,Random,110,85.0,87.0,87.0,85.0,86.0
Easy-to-Learn_Random,Easy-to-Learn,Random,120,88.0,88.0,89.0,86.0,88.0
Consistency_Random,Consistency,Random,20,72.0,72.0,72.0,72.0,72.0
Consistency_Random,Consistency,Random,30,76.0,76.0,74.0,75.0,73.0
Consistency_Random,Consistency,Random,40,79.0,78.0,80.0,78.0,81.0
Consistency_Random,Consistency,Random,50,84.0,80.0,81.0,80.0,80.0
Consistency_Random,Consistency,Random,60,85.0,81.0,82.0,78.0,79.0
Consistency_Random,Consistency,Random,70,87.0,79.0,85.0,81.0,83.0
Consistency_Random,Consistency,Random,80,89.0,81.0,86.0,82.0,85.0
Consistency_Random,Consistency,Random,90,90.0,81.0,87.0,82.0,87.0
Consistency_Random,Consistency,Random,100,90.0,88.0,85.0,83.0,89.0
Consistency_Random,Consistency,Random,110,89.0,88.0,88.0,83.0,90.0
Consistency_Random,Consistency,Random,120,90.0,87.0,88.0,83.0,91.0
Entropy_Random,Entropy,Random,20,56.00000000000001,56.00000000000001,56.00000000000001,56.00000000000001,56.00000000000001
Entropy_Random,Entropy,Random,30,68.0,73.0,64.0,60.0,72.0
Entropy_Random,Entropy,Random,40,69.0,74.0,80.0,71.0,69.0
Entropy_Random,Entropy,Random,50,72.0,76.0,78.0,81.0,77.0
Entropy_Random,Entropy,Random,60,73.0,80.0,79.0,83.0,81.0
Entropy_Random,Entropy,Random,70,80.0,80.0,79.0,86.0,81.0
Entropy_Random,Entropy,Random,80,84.0,82.0,82.0,86.0,81.0
Entropy_Random,Entropy,Random,90,85.0,81.0,88.0,88.0,81.0
Entropy_Random,Entropy,Random,100,86.0,86.0,90.0,87.0,84.0
Entropy_Random,Entropy,Random,110,86.0,89.0,90.0,89.0,87.0
Entropy_Random,Entropy,Random,120,87.0,89.0,91.0,90.0,87.0
Margin_Random,Margin,Random,20,70.0,70.0,70.0,70.0,70.0
Margin_Random,Margin,Random,30,78.0,75.0,74.0,74.0,76.0
Margin_Random,Margin,Random,40,81.0,75.0,80.0,77.0,78.0
Margin_Random,Margin,Random,50,81.0,77.0,84.0,82.0,85.0
Margin_Random,Margin,Random,60,81.0,78.0,86.0,87.0,86.0
Margin_Random,Margin,Random,70,81.0,84.0,87.0,89.0,86.0
Margin_Random,Margin,Random,80,81.0,84.0,88.0,90.0,88.0
Margin_Random,Margin,Random,90,84.0,85.0,88.0,91.0,87.0
Margin_Random,Margin,Random,100,85.0,88.0,87.0,91.0,88.0
Margin_Random,Margin,Random,110,84.0,90.0,90.0,91.0,88.0
Margin_Random,Margin,Random,120,88.0,90.0,90.0,92.0,88.0
BALD_Random,BALD,Random,20,61.0,61.0,61.0,61.0,61.0
BALD_Random,BALD,Random,30,62.0,67.0,78.0,71.0,70.0
BALD_Random,BALD,Random,40,70.0,75.0,74.0,72.0,76.0
BALD_Random,BALD,Random,50,81.0,80.0,78.0,80.0,78.0
BALD_Random,BALD,Random,60,80.0,85.0,78.0,83.0,80.0
BALD_Random,BALD,Random,70,85.0,86.0,81.0,84.0,82.0
BALD_Random,BALD,Random,80,85.0,87.0,82.0,84.0,83.0
BALD_Random,BALD,Random,90,87.0,88.0,88.0,85.0,84.0
BALD_Random,BALD,Random,100,89.0,90.0,89.0,88.0,85.0
BALD_Random,BALD,Random,110,90.0,89.0,88.0,89.0,88.0
BALD_Random,BALD,Random,120,90.0,90.0,89.0,90.0,89.0
VAAL_Random,VAAL,Random,20,56.99999999999999,56.99999999999999,56.99999999999999,56.99999999999999,56.99999999999999
VAAL_Random,VAAL,Random,30,61.0,66.0,65.0,63.0,65.0
VAAL_Random,VAAL,Random,40,68.0,71.0,74.0,69.0,70.0
VAAL_Random,VAAL,Random,50,80.0,76.0,76.0,75.0,73.0
VAAL_Random,VAAL,Random,60,80.0,80.0,79.0,86.0,81.0
VAAL_Random,VAAL,Random,70,82.0,81.0,79.0,86.0,79.0
VAAL_Random,VAAL,Random,80,83.0,87.0,86.0,88.0,82.0
VAAL_Random,VAAL,Random,90,85.0,87.0,88.0,89.0,85.0
VAAL_Random,VAAL,Random,100,86.0,88.0,88.0,90.0,88.0
VAAL_Random,VAAL,Random,110,86.0,90.0,87.0,90.0,85.0
VAAL_Random,VAAL,Random,120,87.0,90.0,89.0,91.0,88.0
Coreset_Random,Coreset,Random,20,61.0,61.0,61.0,61.0,61.0
Coreset_Random,Coreset,Random,30,68.0,64.0,68.0,68.0,66.0
Coreset_Random,Coreset,Random,40,75.0,75.0,74.0,75.0,69.0
Coreset_Random,Coreset,Random,50,78.0,79.0,73.0,80.0,77.0
Coreset_Random,Coreset,Random,60,85.0,80.0,75.0,80.0,77.0
Coreset_Random,Coreset,Random,70,84.0,81.0,75.0,82.0,82.0
Coreset_Random,Coreset,Random,80,82.0,83.0,78.0,84.0,83.0
Coreset_Random,Coreset,Random,90,86.0,83.0,85.0,84.0,83.0
Coreset_Random,Coreset,Random,100,87.0,83.0,85.0,86.0,84.0
Coreset_Random,Coreset,Random,110,89.0,85.0,87.0,87.0,86.0
Coreset_Random,Coreset,Random,120,89.0,85.0,87.0,86.0,86.0
Hard-to-Contrast_Entropy,Hard-to-Contrast,Entropy,20,79.0,79.0,79.0,79.0,79.0
Hard-to-Contrast_Entropy,Hard-to-Contrast,Entropy,30,83.0,84.0,80.0,81.0,83.0
Hard-to-Contrast_Entropy,Hard-to-Contrast,Entropy,40,84.0,87.0,82.0,84.0,87.0
Hard-to-Contrast_Entropy,Hard-to-Contrast,Entropy,50,87.0,89.0,84.0,82.0,87.0
Hard-to-Contrast_Entropy,Hard-to-Contrast,Entropy,60,87.0,89.0,86.0,85.0,87.0
Hard-to-Contrast_Entropy,Hard-to-Contrast,Entropy,70,89.0,91.0,89.0,86.0,88.0
Hard-to-Contrast_Entropy,Hard-to-Contrast,Entropy,80,90.0,91.0,90.0,86.0,88.0
Hard-to-Contrast_Entropy,Hard-to-Contrast,Entropy,90,88.0,92.0,90.0,86.0,89.0
Hard-to-Contrast_Entropy,Hard-to-Contrast,Entropy,100,90.0,90.0,92.0,87.0,91.0
Hard-to-Contrast_Entropy,Hard-to-Contrast,Entropy,110,91.0,90.0,92.0,87.0,91.0
Hard-to-Contrast_Entropy,Hard-to-Contrast,Entropy,120,91.0,91.0,93.0,88.0,92.0
Easy-to-Contrast_Entropy,Easy-to-Contrast,Entropy,20,69.0,69.0,69.0,69.0,69.0
Easy-to-Contrast_Entropy,Easy-to-Contrast,Entropy,30,75.0,77.0,70.0,74.0,73.0
Easy-to-Contrast_Entropy,Easy-to-Contrast,Entropy,40,82.0,81.0,77.0,82.0,73.0
Easy-to-Contrast_Entropy,Easy-to-Contrast,Entropy,50,83.0,84.0,70.0,81.0,77.0
Easy-to-Contrast_Entropy,Easy-to-Contrast,Entropy,60,86.0,86.0,80.0,79.0,79.0
Easy-to-Contrast_Entropy,Easy-to-Contrast,Entropy,70,90.0,88.0,83.0,78.0,77.0
Easy-to-Contrast_Entropy,Easy-to-Contrast,Entropy,80,90.0,90.0,86.0,80.0,80.0
Easy-to-Contrast_Entropy,Easy-to-Contrast,Entropy,90,90.0,91.0,87.0,83.0,82.0
Easy-to-Contrast_Entropy,Easy-to-Contrast,Entropy,100,92.0,90.0,90.0,86.0,80.0
Easy-to-Contrast_Entropy,Easy-to-Contrast,Entropy,110,91.0,92.0,90.0,88.0,83.0
Easy-to-Contrast_Entropy,Easy-to-Contrast,Entropy,120,92.0,92.0,91.0,91.0,89.0
Easy-to-Learn_Entropy,Easy-to-Learn,Entropy,20,44.0,44.0,44.0,44.0,44.0
Easy-to-Learn_Entropy,Easy-to-Learn,Entropy,30,64.0,60.0,67.0,68.0,57.99999999999999
Easy-to-Learn_Entropy,Easy-to-Learn,Entropy,40,67.0,66.0,68.0,64.0,70.0
Easy-to-Learn_Entropy,Easy-to-Learn,Entropy,50,70.0,70.0,69.0,71.0,66.0
Easy-to-Learn_Entropy,Easy-to-Learn,Entropy,60,71.0,70.0,73.0,73.0,71.0
Easy-to-Learn_Entropy,Easy-to-Learn,Entropy,70,79.0,73.0,74.0,74.0,74.0
Easy-to-Learn_Entropy,Easy-to-Learn,Entropy,80,81.0,71.0,77.0,74.0,77.0
Easy-to-Learn_Entropy,Easy-to-Learn,Entropy,90,82.0,73.0,77.0,76.0,78.0
Easy-to-Learn_Entropy,Easy-to-Learn,Entropy,100,83.0,77.0,77.0,78.0,81.0
Easy-to-Learn_Entropy,Easy-to-Learn,Entropy,110,84.0,80.0,80.0,81.0,82.0
Easy-to-Learn_Entropy,Easy-to-Learn,Entropy,120,85.0,86.0,79.0,83.0,85.0
Consistency_Entropy,Consistency,Entropy,20,72.0,72.0,72.0,72.0,72.0
Consistency_Entropy,Consistency,Entropy,30,78.0,74.0,72.0,71.0,72.0
Consistency_Entropy,Consistency,Entropy,40,79.0,76.0,73.0,75.0,77.0
Consistency_Entropy,Consistency,Entropy,50,80.0,77.0,80.0,76.0,82.0
Consistency_Entropy,Consistency,Entropy,60,84.0,77.0,80.0,80.0,82.0
Consistency_Entropy,Consistency,Entropy,70,85.0,85.0,82.0,82.0,80.0
Consistency_Entropy,Consistency,Entropy,80,87.0,86.0,83.0,81.0,80.0
Consistency_Entropy,Consistency,Entropy,90,86.0,88.0,83.0,83.0,82.0
Consistency_Entropy,Consistency,Entropy,100,87.0,89.0,84.0,84.0,83.0
Consistency_Entropy,Consistency,Entropy,110,89.0,88.0,84.0,88.0,83.0
Consistency_Entropy,Consistency,Entropy,120,90.0,89.0,84.0,90.0,85.0
Entropy_Entropy,Entropy,Entropy,20,56.00000000000001,56.00000000000001,56.00000000000001,56.00000000000001,56.00000000000001
Entropy_Entropy,Entropy,Entropy,30,57.99999999999999,60.0,64.0,59.0,57.99999999999999
Entropy_Entropy,Entropy,Entropy,40,68.0,67.0,64.0,68.0,65.0
Entropy_Entropy,Entropy,Entropy,50,72.0,73.0,68.0,74.0,74.0
Entropy_Entropy,Entropy,Entropy,60,74.0,77.0,69.0,77.0,79.0
Entropy_Entropy,Entropy,Entropy,70,77.0,80.0,76.0,79.0,81.0
Entropy_Entropy,Entropy,Entropy,80,78.0,81.0,81.0,86.0,82.0
Entropy_Entropy,Entropy,Entropy,90,78.0,79.0,81.0,85.0,82.0
Entropy_Entropy,Entropy,Entropy,100,77.0,83.0,81.0,87.0,84.0
Entropy_Entropy,Entropy,Entropy,110,80.0,84.0,79.0,88.0,83.0
Entropy_Entropy,Entropy,Entropy,120,81.0,86.0,83.0,90.0,83.0
Margin_Entropy,Margin,Entropy,20,70.0,70.0,70.0,70.0,70.0
Margin_Entropy,Margin,Entropy,30,71.0,70.0,61.0,69.0,68.0
Margin_Entropy,Margin,Entropy,40,78.0,68.0,67.0,78.0,66.0
Margin_Entropy,Margin,Entropy,50,80.0,83.0,71.0,80.0,74.0
Margin_Entropy,Margin,Entropy,60,81.0,84.0,76.0,79.0,82.0
Margin_Entropy,Margin,Entropy,70,85.0,85.0,76.0,84.0,81.0
Margin_Entropy,Margin,Entropy,80,85.0,88.0,80.0,86.0,84.0
Margin_Entropy,Margin,Entropy,90,90.0,86.0,81.0,90.0,84.0
Margin_Entropy,Margin,Entropy,100,91.0,90.0,81.0,90.0,85.0
Margin_Entropy,Margin,Entropy,110,91.0,91.0,81.0,92.0,84.0
Margin_Entropy,Margin,Entropy,120,93.0,92.0,83.0,91.0,86.0
BALD_Entropy,BALD,Entropy,20,61.0,61.0,61.0,61.0,61.0
BALD_Entropy,BALD,Entropy,30,60.0,60.0,57.99999999999999,61.0,68.0
BALD_Entropy,BALD,Entropy,40,68.0,60.0,74.0,65.0,75.0
BALD_Entropy,BALD,Entropy,50,75.0,67.0,76.0,69.0,76.0
BALD_Entropy,BALD,Entropy,60,72.0,73.0,78.0,76.0,78.0
BALD_Entropy,BALD,Entropy,70,78.0,79.0,81.0,79.0,81.0
BALD_Entropy,BALD,Entropy,80,77.0,84.0,82.0,81.0,79.0
BALD_Entropy,BALD,Entropy,90,79.0,86.0,87.0,82.0,83.0
BALD_Entropy,BALD,Entropy,100,81.0,89.0,87.0,85.0,84.0
BALD_Entropy,BALD,Entropy,110,80.0,89.0,88.0,87.0,90.0
BALD_Entropy,BALD,Entropy,120,82.0,90.0,89.0,88.0,90.0
VAAL_Entropy,VAAL,Entropy,20,56.99999999999999,56.99999999999999,56.99999999999999,56.99999999999999,56.99999999999999
VAAL_Entropy,VAAL,Entropy,30,73.0,62.0,66.0,69.0,65.0
VAAL_Entropy,VAAL,Entropy,40,74.0,59.0,71.0,71.0,75.0
VAAL_Entropy,VAAL,Entropy,50,72.0,61.0,74.0,71.0,78.0
VAAL_Entropy,VAAL,Entropy,60,75.0,66.0,82.0,75.0,76.0
VAAL_Entropy,VAAL,Entropy,70,75.0,66.0,81.0,82.0,78.0
VAAL_Entropy,VAAL,Entropy,80,79.0,76.0,82.0,83.0,78.0
VAAL_Entropy,VAAL,Entropy,90,79.0,78.0,84.0,84.0,80.0
VAAL_Entropy,VAAL,Entropy,100,81.0,81.0,89.0,87.0,82.0
VAAL_Entropy,VAAL,Entropy,110,82.0,81.0,90.0,88.0,82.0
VAAL_Entropy,VAAL,Entropy,120,83.0,81.0,91.0,88.0,84.0
Coreset_Entropy,Coreset,Entropy,20,61.0,61.0,61.0,61.0,61.0
Coreset_Entropy,Coreset,Entropy,30,65.0,70.0,67.0,62.0,66.0
Coreset_Entropy,Coreset,Entropy,40,65.0,68.0,69.0,68.0,63.0
Coreset_Entropy,Coreset,Entropy,50,67.0,66.0,70.0,68.0,66.0
Coreset_Entropy,Coreset,Entropy,60,71.0,75.0,74.0,74.0,67.0
Coreset_Entropy,Coreset,Entropy,70,82.0,78.0,69.0,78.0,73.0
Coreset_Entropy,Coreset,Entropy,80,84.0,80.0,77.0,78.0,81.0
Coreset_Entropy,Coreset,Entropy,90,83.0,79.0,74.0,80.0,83.0
Coreset_Entropy,Coreset,Entropy,100,83.0,82.0,77.0,83.0,85.0
Coreset_Entropy,Coreset,Entropy,110,84.0,83.0,79.0,83.0,83.0
Coreset_Entropy,Coreset,Entropy,120,81.0,85.0,79.0,86.0,86.0
Hard-to-Contrast_Margin,Hard-to-Contrast,Margin,20,79.0,79.0,79.0,79.0,79.0
Hard-to-Contrast_Margin,Hard-to-Contrast,Margin,30,84.0,83.0,81.0,84.0,82.0
Hard-to-Contrast_Margin,Hard-to-Contrast,Margin,40,87.0,87.0,83.0,88.0,83.0
Hard-to-Contrast_Margin,Hard-to-Contrast,Margin,50,89.0,87.0,84.0,89.0,87.0
Hard-to-Contrast_Margin,Hard-to-Contrast,Margin,60,91.0,87.0,87.0,90.0,89.0
Hard-to-Contrast_Margin,Hard-to-Contrast,Margin,70,89.0,89.0,88.0,92.0,90.0
Hard-to-Contrast_Margin,Hard-to-Contrast,Margin,80,90.0,89.0,90.0,91.0,91.0
Hard-to-Contrast_Margin,Hard-to-Contrast,Margin,90,91.0,90.0,91.0,93.0,92.0
Hard-to-Contrast_Margin,Hard-to-Contrast,Margin,100,91.0,90.0,91.0,94.0,91.0
Hard-to-Contrast_Margin,Hard-to-Contrast,Margin,110,92.0,91.0,91.0,93.0,93.0
Hard-to-Contrast_Margin,Hard-to-Contrast,Margin,120,93.0,91.0,91.0,93.0,93.0
Easy-to-Contrast_Margin,Easy-to-Contrast,Margin,20,69.0,69.0,69.0,69.0,69.0
Easy-to-Contrast_Margin,Easy-to-Contrast,Margin,30,74.0,74.0,71.0,71.0,73.0
Easy-to-Contrast_Margin,Easy-to-Contrast,Margin,40,76.0,78.0,76.0,70.0,83.0
Easy-to-Contrast_Margin,Easy-to-Contrast,Margin,50,86.0,86.0,77.0,80.0,85.0
Easy-to-Contrast_Margin,Easy-to-Contrast,Margin,60,86.0,88.0,79.0,84.0,85.0
Easy-to-Contrast_Margin,Easy-to-Contrast,Margin,70,86.0,89.0,81.0,85.0,85.0
Easy-to-Contrast_Margin,Easy-to-Contrast,Margin,80,87.0,90.0,84.0,87.0,88.0
Easy-to-Contrast_Margin,Easy-to-Contrast,Margin,90,89.0,91.0,88.0,90.0,90.0
Easy-to-Contrast_Margin,Easy-to-Contrast,Margin,100,90.0,92.0,90.0,92.0,92.0
Easy-to-Contrast_Margin,Easy-to-Contrast,Margin,110,91.0,92.0,90.0,91.0,92.0
Easy-to-Contrast_Margin,Easy-to-Contrast,Margin,120,91.0,92.0,92.0,92.0,92.0
Easy-to-Learn_Margin,Easy-to-Learn,Margin,20,44.0,44.0,44.0,44.0,44.0
Easy-to-Learn_Margin,Easy-to-Learn,Margin,30,57.99999999999999,62.0,56.99999999999999,63.0,59.0
Easy-to-Learn_Margin,Easy-to-Learn,Margin,40,64.0,69.0,74.0,68.0,68.0
Easy-to-Learn_Margin,Easy-to-Learn,Margin,50,73.0,72.0,75.0,74.0,71.0
Easy-to-Learn_Margin,Easy-to-Learn,Margin,60,76.0,81.0,82.0,76.0,79.0
Easy-to-Learn_Margin,Easy-to-Learn,Margin,70,80.0,83.0,82.0,79.0,86.0
Easy-to-Learn_Margin,Easy-to-Learn,Margin,80,78.0,84.0,81.0,80.0,85.0
Easy-to-Learn_Margin,Easy-to-Learn,Margin,90,80.0,85.0,84.0,81.0,87.0
Easy-to-Learn_Margin,Easy-to-Learn,Margin,100,80.0,84.0,86.0,87.0,89.0
Easy-to-Learn_Margin,Easy-to-Learn,Margin,110,85.0,87.0,88.0,91.0,90.0
Easy-to-Learn_Margin,Easy-to-Learn,Margin,120,86.0,88.0,89.0,90.0,90.0
Consistency_Margin,Consistency,Margin,20,72.0,72.0,72.0,72.0,72.0
Consistency_Margin,Consistency,Margin,30,83.0,78.0,78.0,77.0,82.0
Consistency_Margin,Consistency,Margin,40,78.0,80.0,79.0,79.0,80.0
Consistency_Margin,Consistency,Margin,50,84.0,80.0,85.0,85.0,88.0
Consistency_Margin,Consistency,Margin,60,86.0,80.0,86.0,87.0,88.0
Consistency_Margin,Consistency,Margin,70,86.0,84.0,89.0,88.0,88.0
Consistency_Margin,Consistency,Margin,80,86.0,86.0,91.0,88.0,89.0
Consistency_Margin,Consistency,Margin,90,88.0,89.0,91.0,90.0,91.0
Consistency_Margin,Consistency,Margin,100,90.0,90.0,91.0,89.0,91.0
Consistency_Margin,Consistency,Margin,110,91.0,92.0,91.0,91.0,93.0
Consistency_Margin,Consistency,Margin,120,93.0,92.0,91.0,92.0,92.0
Entropy_Margin,Entropy,Margin,20,56.00000000000001,56.00000000000001,56.00000000000001,56.00000000000001,56.00000000000001
Entropy_Margin,Entropy,Margin,30,70.0,73.0,68.0,67.0,69.0
Entropy_Margin,Entropy,Margin,40,73.0,79.0,72.0,78.0,75.0
Entropy_Margin,Entropy,Margin,50,79.0,85.0,81.0,82.0,84.0
Entropy_Margin,Entropy,Margin,60,79.0,86.0,80.0,84.0,82.0
Entropy_Margin,Entropy,Margin,70,84.0,88.0,81.0,87.0,89.0
Entropy_Margin,Entropy,Margin,80,85.0,90.0,81.0,88.0,90.0
Entropy_Margin,Entropy,Margin,90,86.0,90.0,80.0,89.0,92.0
Entropy_Margin,Entropy,Margin,100,88.0,90.0,84.0,89.0,91.0
Entropy_Margin,Entropy,Margin,110,89.0,92.0,86.0,90.0,92.0
Entropy_Margin,Entropy,Margin,120,87.0,92.0,84.0,90.0,92.0
Margin_Margin,Margin,Margin,20,70.0,70.0,70.0,70.0,70.0
Margin_Margin,Margin,Margin,30,76.0,70.0,70.0,78.0,78.0
Margin_Margin,Margin,Margin,40,81.0,80.0,86.0,86.0,79.0
Margin_Margin,Margin,Margin,50,81.0,82.0,86.0,83.0,87.0
Margin_Margin,Margin,Margin,60,84.0,84.0,89.0,87.0,87.0
Margin_Margin,Margin,Margin,70,89.0,83.0,90.0,89.0,89.0
Margin_Margin,Margin,Margin,80,91.0,83.0,89.0,91.0,90.0
Margin_Margin,Margin,Margin,90,92.0,84.0,90.0,91.0,92.0
Margin_Margin,Margin,Margin,100,92.0,90.0,90.0,92.0,93.0
Margin_Margin,Margin,Margin,110,92.0,91.0,91.0,92.0,93.0
Margin_Margin,Margin,Margin,120,92.0,92.0,92.0,92.0,94.0
BALD_Margin,BALD,Margin,20,61.0,61.0,61.0,61.0,61.0
BALD_Margin,BALD,Margin,30,76.0,73.0,70.0,77.0,72.0
BALD_Margin,BALD,Margin,40,79.0,80.0,81.0,82.0,73.0
BALD_Margin,BALD,Margin,50,79.0,84.0,83.0,83.0,77.0
BALD_Margin,BALD,Margin,60,88.0,86.0,84.0,87.0,78.0
BALD_Margin,BALD,Margin,70,88.0,89.0,86.0,88.0,80.0
BALD_Margin,BALD,Margin,80,90.0,90.0,89.0,89.0,82.0
BALD_Margin,BALD,Margin,90,91.0,90.0,90.0,90.0,81.0
BALD_Margin,BALD,Margin,100,90.0,91.0,91.0,90.0,84.0
BALD_Margin,BALD,Margin,110,91.0,91.0,90.0,92.0,84.0
BALD_Margin,BALD,Margin,120,92.0,91.0,90.0,92.0,86.0
VAAL_Margin,VAAL,Margin,20,56.99999999999999,56.99999999999999,56.99999999999999,56.99999999999999,56.99999999999999
VAAL_Margin,VAAL,Margin,30,68.0,72.0,67.0,63.0,67.0
VAAL_Margin,VAAL,Margin,40,75.0,74.0,82.0,72.0,68.0
VAAL_Margin,VAAL,Margin,50,83.0,79.0,85.0,78.0,76.0
VAAL_Margin,VAAL,Margin,60,85.0,83.0,86.0,78.0,77.0
VAAL_Margin,VAAL,Margin,70,85.0,83.0,88.0,81.0,84.0
VAAL_Margin,VAAL,Margin,80,88.0,86.0,89.0,82.0,85.0
VAAL_Margin,VAAL,Margin,90,90.0,85.0,90.0,87.0,84.0
VAAL_Margin,VAAL,Margin,100,90.0,81.0,90.0,91.0,86.0
VAAL_Margin,VAAL,Margin,110,92.0,90.0,90.0,92.0,90.0
VAAL_Margin,VAAL,Margin,120,92.0,90.0,91.0,91.0,91.0
Coreset_Margin,Coreset,Margin,20,61.0,61.0,61.0,61.0,61.0
Coreset_Margin,Coreset,Margin,30,69.0,63.0,63.0,69.0,69.0
Coreset_Margin,Coreset,Margin,40,73.0,66.0,70.0,74.0,73.0
Coreset_Margin,Coreset,Margin,50,77.0,73.0,74.0,78.0,75.0
Coreset_Margin,Coreset,Margin,60,78.0,75.0,79.0,82.0,79.0
Coreset_Margin,Coreset,Margin,70,79.0,75.0,81.0,85.0,85.0
Coreset_Margin,Coreset,Margin,80,82.0,75.0,81.0,86.0,86.0
Coreset_Margin,Coreset,Margin,90,89.0,78.0,83.0,87.0,88.0
Coreset_Margin,Coreset,Margin,100,89.0,83.0,83.0,90.0,89.0
Coreset_Margin,Coreset,Margin,110,90.0,85.0,86.0,89.0,90.0
Coreset_Margin,Coreset,Margin,120,90.0,85.0,87.0,91.0,90.0
Hard-to-Contrast_BALD,Hard-to-Contrast,BALD,20,79.0,79.0,79.0,79.0,79.0
Hard-to-Contrast_BALD,Hard-to-Contrast,BALD,30,81.0,82.0,79.0,78.0,82.0
Hard-to-Contrast_BALD,Hard-to-Contrast,BALD,40,84.0,85.0,83.0,81.0,84.0
Hard-to-Contrast_BALD,Hard-to-Contrast,BALD,50,86.0,87.0,86.0,85.0,86.0
Hard-to-Contrast_BALD,Hard-to-Contrast,BALD,60,88.0,88.0,86.0,89.0,87.0
Hard-to-Contrast_BALD,Hard-to-Contrast,BALD,70,89.0,89.0,88.0,90.0,87.0
Hard-to-Contrast_BALD,Hard-to-Contrast,BALD,80,91.0,90.0,89.0,91.0,89.0
Hard-to-Contrast_BALD,Hard-to-Contrast,BALD,90,91.0,92.0,90.0,91.0,89.0
Hard-to-Contrast_BALD,Hard-to-Contrast,BALD,100,91.0,92.0,91.0,91.0,89.0
Hard-to-Contrast_BALD,Hard-to-Contrast,BALD,110,92.0,91.0,92.0,90.0,89.0
Hard-to-Contrast_BALD,Hard-to-Contrast,BALD,120,94.0,92.0,92.0,91.0,90.0
Easy-to-Contrast_BALD,Easy-to-Contrast,BALD,20,69.0,69.0,69.0,69.0,69.0
Easy-to-Contrast_BALD,Easy-to-Contrast,BALD,30,67.0,66.0,69.0,64.0,65.0
Easy-to-Contrast_BALD,Easy-to-Contrast,BALD,40,70.0,66.0,70.0,68.0,73.0
Easy-to-Contrast_BALD,Easy-to-Contrast,BALD,50,84.0,70.0,79.0,80.0,69.0
Easy-to-Contrast_BALD,Easy-to-Contrast,BALD,60,83.0,74.0,81.0,78.0,75.0
Easy-to-Contrast_BALD,Easy-to-Contrast,BALD,70,82.0,78.0,82.0,82.0,81.0
Easy-to-Contrast_BALD,Easy-to-Contrast,BALD,80,85.0,82.0,82.0,83.0,82.0
Easy-to-Contrast_BALD,Easy-to-Contrast,BALD,90,86.0,82.0,83.0,85.0,88.0
Easy-to-Contrast_BALD,Easy-to-Contrast,BALD,100,85.0,83.0,81.0,84.0,89.0
Easy-to-Contrast_BALD,Easy-to-Contrast,BALD,110,87.0,87.0,86.0,87.0,90.0
Easy-to-Contrast_BALD,Easy-to-Contrast,BALD,120,86.0,90.0,86.0,89.0,91.0
Easy-to-Learn_BALD,Easy-to-Learn,BALD,20,44.0,44.0,44.0,44.0,44.0
Easy-to-Learn_BALD,Easy-to-Learn,BALD,30,57.99999999999999,56.99999999999999,66.0,60.0,57.99999999999999
Easy-to-Learn_BALD,Easy-to-Learn,BALD,40,64.0,55.00000000000001,59.0,62.0,61.0
Easy-to-Learn_BALD,Easy-to-Learn,BALD,50,69.0,60.0,68.0,66.0,57.99999999999999
Easy-to-Learn_BALD,Easy-to-Learn,BALD,60,72.0,68.0,68.0,68.0,71.0
Easy-to-Learn_BALD,Easy-to-Learn,BALD,70,76.0,70.0,71.0,74.0,74.0
Easy-to-Learn_BALD,Easy-to-Learn,BALD,80,77.0,74.0,71.0,74.0,73.0
Easy-to-Learn_BALD,Easy-to-Learn,BALD,90,80.0,74.0,77.0,74.0,78.0
Easy-to-Learn_BALD,Easy-to-Learn,BALD,100,76.0,79.0,79.0,76.0,79.0
Easy-to-Learn_BALD,Easy-to-Learn,BALD,110,81.0,80.0,81.0,80.0,81.0
Easy-to-Learn_BALD,Easy-to-Learn,BALD,120,81.0,77.0,82.0,80.0,83.0
Consistency_BALD,Consistency,BALD,20,72.0,72.0,72.0,72.0,72.0
Consistency_BALD,Consistency,BALD,30,77.0,70.0,74.0,71.0,71.0
Consistency_BALD,Consistency,BALD,40,77.0,76.0,76.0,71.0,72.0
Consistency_BALD,Consistency,BALD,50,78.0,79.0,75.0,73.0,74.0
Consistency_BALD,Consistency,BALD,60,78.0,79.0,76.0,78.0,77.0
Consistency_BALD,Consistency,BALD,70,80.0,82.0,80.0,85.0,79.0
Consistency_BALD,Consistency,BALD,80,83.0,82.0,84.0,85.0,79.0
Consistency_BALD,Consistency,BALD,90,84.0,84.0,85.0,86.0,81.0
Consistency_BALD,Consistency,BALD,100,90.0,85.0,87.0,86.0,81.0
Consistency_BALD,Consistency,BALD,110,91.0,86.0,87.0,87.0,83.0
Consistency_BALD,Consistency,BALD,120,90.0,87.0,87.0,88.0,83.0
Entropy_BALD,Entropy,BALD,20,56.00000000000001,56.00000000000001,56.00000000000001,56.00000000000001,56.00000000000001
Entropy_BALD,Entropy,BALD,30,54.0,61.0,57.99999999999999,53.0,55.00000000000001
Entropy_BALD,Entropy,BALD,40,62.0,64.0,57.99999999999999,67.0,67.0
Entropy_BALD,Entropy,BALD,50,68.0,65.0,72.0,75.0,73.0
Entropy_BALD,Entropy,BALD,60,76.0,69.0,67.0,78.0,74.0
Entropy_BALD,Entropy,BALD,70,80.0,70.0,82.0,77.0,81.0
Entropy_BALD,Entropy,BALD,80,83.0,74.0,82.0,81.0,81.0
Entropy_BALD,Entropy,BALD,90,78.0,79.0,84.0,80.0,86.0
Entropy_BALD,Entropy,BALD,100,84.0,81.0,85.0,83.0,85.0
Entropy_BALD,Entropy,BALD,110,82.0,81.0,88.0,85.0,87.0
Entropy_BALD,Entropy,BALD,120,84.0,83.0,87.0,86.0,90.0
Margin_BALD,Margin,BALD,20,70.0,70.0,70.0,70.0,70.0
Margin_BALD,Margin,BALD,30,69.0,71.0,67.0,67.0,67.0
Margin_BALD,Margin,BALD,40,70.0,80.0,73.0,74.0,71.0
Margin_BALD,Margin,BALD,50,74.0,81.0,76.0,80.0,75.0
Margin_BALD,Margin,BALD,60,77.0,83.0,82.0,78.0,76.0
Margin_BALD,Margin,BALD,70,86.0,88.0,87.0,78.0,84.0
Margin_BALD,Margin,BALD,80,87.0,89.0,91.0,88.0,87.0
Margin_BALD,Margin,BALD,90,90.0,90.0,90.0,87.0,87.0
Margin_BALD,Margin,BALD,100,86.0,90.0,89.0,87.0,88.0
Margin_BALD,Margin,BALD,110,90.0,91.0,91.0,90.0,87.0
Margin_BALD,Margin,BALD,120,90.0,91.0,92.0,89.0,86.0
BALD_BALD,BALD,BALD,20,61.0,61.0,61.0,61.0,61.0
BALD_BALD,BALD,BALD,30,62.0,64.0,64.0,61.0,64.0
BALD_BALD,BALD,BALD,40,64.0,64.0,64.0,68.0,69.0
BALD_BALD,BALD,BALD,50,66.0,69.0,77.0,73.0,74.0
BALD_BALD,BALD,BALD,60,80.0,70.0,76.0,74.0,75.0
BALD_BALD,BALD,BALD,70,79.0,67.0,77.0,76.0,77.0
BALD_BALD,BALD,BALD,80,83.0,70.0,79.0,82.0,79.0
BALD_BALD,BALD,BALD,90,83.0,73.0,83.0,85.0,84.0
BALD_BALD,BALD,BALD,100,85.0,75.0,83.0,86.0,85.0
BALD_BALD,BALD,BALD,110,83.0,74.0,88.0,86.0,88.0
BALD_BALD,BALD,BALD,120,85.0,81.0,90.0,87.0,88.0
VAAL_BALD,VAAL,BALD,20,56.99999999999999,56.99999999999999,56.99999999999999,56.99999999999999,56.99999999999999
VAAL_BALD,VAAL,BALD,30,64.0,65.0,60.0,63.0,68.0
VAAL_BALD,VAAL,BALD,40,67.0,67.0,63.0,61.0,76.0
VAAL_BALD,VAAL,BALD,50,72.0,70.0,76.0,70.0,76.0
VAAL_BALD,VAAL,BALD,60,73.0,74.0,80.0,71.0,75.0
VAAL_BALD,VAAL,BALD,70,75.0,73.0,81.0,72.0,79.0
VAAL_BALD,VAAL,BALD,80,82.0,75.0,85.0,74.0,84.0
VAAL_BALD,VAAL,BALD,90,84.0,75.0,89.0,75.0,84.0
VAAL_BALD,VAAL,BALD,100,86.0,77.0,89.0,75.0,83.0
VAAL_BALD,VAAL,BALD,110,86.0,78.0,91.0,78.0,84.0
VAAL_BALD,VAAL,BALD,120,86.0,83.0,92.0,79.0,88.0
Coreset_BALD,Coreset,BALD,20,61.0,61.0,61.0,61.0,61.0
Coreset_BALD,Coreset,BALD,30,66.0,64.0,64.0,64.0,60.0
Coreset_BALD,Coreset,BALD,40,67.0,68.0,66.0,67.0,64.0
Coreset_BALD,Coreset,BALD,50,74.0,69.0,69.0,71.0,64.0
Coreset_BALD,Coreset,BALD,60,76.0,75.0,81.0,75.0,68.0
Coreset_BALD,Coreset,BALD,70,77.0,78.0,80.0,78.0,75.0
Coreset_BALD,Coreset,BALD,80,80.0,84.0,82.0,80.0,76.0
Coreset_BALD,Coreset,BALD,90,79.0,81.0,77.0,81.0,78.0
Coreset_BALD,Coreset,BALD,100,80.0,82.0,80.0,82.0,78.0
Coreset_BALD,Coreset,BALD,110,79.0,82.0,83.0,83.0,84.0
Coreset_BALD,Coreset,BALD,120,81.0,87.0,83.0,82.0,85.0
Hard-to-Contrast_Coreset,Hard-to-Contrast,Coreset,20,79.0,79.0,79.0,79.0,79.0
Hard-to-Contrast_Coreset,Hard-to-Contrast,Coreset,30,86.0,84.0,82.0,85.0,83.0
Hard-to-Contrast_Coreset,Hard-to-Contrast,Coreset,40,85.0,85.0,85.0,83.0,86.0
Hard-to-Contrast_Coreset,Hard-to-Contrast,Coreset,50,88.0,87.0,88.0,87.0,87.0
Hard-to-Contrast_Coreset,Hard-to-Contrast,Coreset,60,89.0,90.0,87.0,87.0,88.0
Hard-to-Contrast_Coreset,Hard-to-Contrast,Coreset,70,90.0,92.0,86.0,89.0,87.0
Hard-to-Contrast_Coreset,Hard-to-Contrast,Coreset,80,91.0,91.0,88.0,89.0,89.0
Hard-to-Contrast_Coreset,Hard-to-Contrast,Coreset,90,91.0,91.0,90.0,90.0,90.0
Hard-to-Contrast_Coreset,Hard-to-Contrast,Coreset,100,92.0,91.0,91.0,90.0,89.0
Hard-to-Contrast_Coreset,Hard-to-Contrast,Coreset,110,93.0,92.0,91.0,90.0,91.0
Hard-to-Contrast_Coreset,Hard-to-Contrast,Coreset,120,92.0,91.0,91.0,91.0,92.0
Easy-to-Contrast_Coreset,Easy-to-Contrast,Coreset,20,69.0,69.0,69.0,69.0,69.0
Easy-to-Contrast_Coreset,Easy-to-Contrast,Coreset,30,79.0,69.0,71.0,75.0,77.0
Easy-to-Contrast_Coreset,Easy-to-Contrast,Coreset,40,82.0,74.0,83.0,77.0,82.0
Easy-to-Contrast_Coreset,Easy-to-Contrast,Coreset,50,84.0,76.0,86.0,84.0,86.0
Easy-to-Contrast_Coreset,Easy-to-Contrast,Coreset,60,86.0,78.0,89.0,84.0,87.0
Easy-to-Contrast_Coreset,Easy-to-Contrast,Coreset,70,87.0,79.0,90.0,85.0,87.0
Easy-to-Contrast_Coreset,Easy-to-Contrast,Coreset,80,90.0,83.0,90.0,85.0,89.0
Easy-to-Contrast_Coreset,Easy-to-Contrast,Coreset,90,88.0,84.0,91.0,88.0,90.0
Easy-to-Contrast_Coreset,Easy-to-Contrast,Coreset,100,89.0,85.0,90.0,89.0,89.0
Easy-to-Contrast_Coreset,Easy-to-Contrast,Coreset,110,92.0,84.0,90.0,90.0,90.0
Easy-to-Contrast_Coreset,Easy-to-Contrast,Coreset,120,91.0,87.0,91.0,89.0,90.0
Easy-to-Learn_Coreset,Easy-to-Learn,Coreset,20,44.0,44.0,44.0,44.0,44.0
Easy-to-Learn_Coreset,Easy-to-Learn,Coreset,30,60.0,53.0,57.99999999999999,51.0,55.00000000000001
Easy-to-Learn_Coreset,Easy-to-Learn,Coreset,40,62.0,69.0,77.0,72.0,76.0
Easy-to-Learn_Coreset,Easy-to-Learn,Coreset,50,74.0,75.0,80.0,78.0,74.0
Easy-to-Learn_Coreset,Easy-to-Learn,Coreset,60,78.0,80.0,80.0,80.0,78.0
Easy-to-Learn_Coreset,Easy-to-Learn,Coreset,70,77.0,82.0,79.0,81.0,78.0
Easy-to-Learn_Coreset,Easy-to-Learn,Coreset,80,80.0,84.0,84.0,85.0,79.0
Easy-to-Learn_Coreset,Easy-to-Learn,Coreset,90,82.0,86.0,85.0,87.0,87.0
Easy-to-Learn_Coreset,Easy-to-Learn,Coreset,100,85.0,87.0,86.0,90.0,88.0
Easy-to-Learn_Coreset,Easy-to-Learn,Coreset,110,84.0,88.0,88.0,90.0,87.0
Easy-to-Learn_Coreset,Easy-to-Learn,Coreset,120,84.0,88.0,88.0,90.0,90.0
Consistency_Coreset,Consistency,Coreset,20,72.0,72.0,72.0,72.0,72.0
Consistency_Coreset,Consistency,Coreset,30,76.0,81.0,81.0,75.0,83.0
Consistency_Coreset,Consistency,Coreset,40,84.0,83.0,82.0,80.0,86.0
Consistency_Coreset,Consistency,Coreset,50,86.0,80.0,85.0,85.0,88.0
Consistency_Coreset,Consistency,Coreset,60,87.0,83.0,85.0,85.0,89.0
Consistency_Coreset,Consistency,Coreset,70,89.0,83.0,86.0,84.0,88.0
Consistency_Coreset,Consistency,Coreset,80,91.0,85.0,88.0,89.0,88.0
Consistency_Coreset,Consistency,Coreset,90,89.0,87.0,89.0,90.0,91.0
Consistency_Coreset,Consistency,Coreset,100,92.0,87.0,87.0,90.0,90.0
Consistency_Coreset,Consistency,Coreset,110,92.0,88.0,88.0,90.0,92.0
Consistency_Coreset,Consistency,Coreset,120,92.0,89.0,89.0,93.0,91.0
Entropy_Coreset,Entropy,Coreset,20,56.00000000000001,56.00000000000001,56.00000000000001,56.00000000000001,56.00000000000001
Entropy_Coreset,Entropy,Coreset,30,73.0,71.0,70.0,71.0,72.0
Entropy_Coreset,Entropy,Coreset,40,81.0,74.0,76.0,70.0,75.0
Entropy_Coreset,Entropy,Coreset,50,81.0,76.0,78.0,76.0,79.0
Entropy_Coreset,Entropy,Coreset,60,82.0,75.0,81.0,79.0,86.0
Entropy_Coreset,Entropy,Coreset,70,82.0,76.0,81.0,80.0,88.0
Entropy_Coreset,Entropy,Coreset,80,86.0,84.0,84.0,84.0,88.0
Entropy_Coreset,Entropy,Coreset,90,88.0,84.0,86.0,85.0,89.0
Entropy_Coreset,Entropy,Coreset,100,90.0,87.0,85.0,87.0,90.0
Entropy_Coreset,Entropy,Coreset,110,91.0,86.0,86.0,87.0,91.0
Entropy_Coreset,Entropy,Coreset,120,91.0,87.0,88.0,90.0,91.0
Margin_Coreset,Margin,Coreset,20,70.0,70.0,70.0,70.0,70.0
Margin_Coreset,Margin,Coreset,30,69.0,73.0,70.0,68.0,74.0
Margin_Coreset,Margin,Coreset,40,83.0,74.0,76.0,80.0,78.0
Margin_Coreset,Margin,Coreset,50,86.0,79.0,79.0,85.0,82.0
Margin_Coreset,Margin,Coreset,60,87.0,86.0,81.0,86.0,86.0
Margin_Coreset,Margin,Coreset,70,89.0,86.0,82.0,87.0,88.0
Margin_Coreset,Margin,Coreset,80,89.0,89.0,87.0,89.0,88.0
Margin_Coreset,Margin,Coreset,90,88.0,90.0,90.0,89.0,89.0
Margin_Coreset,Margin,Coreset,100,90.0,90.0,91.0,90.0,89.0
Margin_Coreset,Margin,Coreset,110,90.0,89.0,90.0,92.0,89.0
Margin_Coreset,Margin,Coreset,120,91.0,91.0,92.0,91.0,91.0
BALD_Coreset,BALD,Coreset,20,61.0,61.0,61.0,61.0,61.0
BALD_Coreset,BALD,Coreset,30,66.0,70.0,71.0,73.0,67.0
BALD_Coreset,BALD,Coreset,40,74.0,73.0,81.0,73.0,75.0
BALD_Coreset,BALD,Coreset,50,79.0,80.0,80.0,81.0,84.0
BALD_Coreset,BALD,Coreset,60,82.0,83.0,82.0,86.0,85.0
BALD_Coreset,BALD,Coreset,70,84.0,86.0,86.0,87.0,87.0
BALD_Coreset,BALD,Coreset,80,86.0,86.0,88.0,88.0,89.0
BALD_Coreset,BALD,Coreset,90,89.0,86.0,88.0,89.0,91.0
BALD_Coreset,BALD,Coreset,100,90.0,86.0,90.0,91.0,90.0
BALD_Coreset,BALD,Coreset,110,89.0,87.0,91.0,91.0,91.0
BALD_Coreset,BALD,Coreset,120,91.0,88.0,90.0,92.0,92.0
VAAL_Coreset,VAAL,Coreset,20,56.99999999999999,56.99999999999999,56.99999999999999,56.99999999999999,56.99999999999999
VAAL_Coreset,VAAL,Coreset,30,68.0,66.0,62.0,64.0,66.0
VAAL_Coreset,VAAL,Coreset,40,74.0,74.0,71.0,72.0,79.0
VAAL_Coreset,VAAL,Coreset,50,80.0,79.0,80.0,84.0,84.0
VAAL_Coreset,VAAL,Coreset,60,84.0,82.0,82.0,85.0,85.0
VAAL_Coreset,VAAL,Coreset,70,86.0,87.0,84.0,86.0,86.0
VAAL_Coreset,VAAL,Coreset,80,86.0,88.0,86.0,87.0,90.0
VAAL_Coreset,VAAL,Coreset,90,88.0,89.0,87.0,88.0,90.0
VAAL_Coreset,VAAL,Coreset,100,89.0,88.0,88.0,90.0,91.0
VAAL_Coreset,VAAL,Coreset,110,90.0,88.0,91.0,91.0,91.0
VAAL_Coreset,VAAL,Coreset,120,91.0,89.0,91.0,91.0,91.0
Coreset_Coreset,Coreset,Coreset,20,61.0,61.0,61.0,61.0,61.0
Coreset_Coreset,Coreset,Coreset,30,69.0,64.0,68.0,71.0,69.0
Coreset_Coreset,Coreset,Coreset,40,73.0,72.0,70.0,70.0,72.0
Coreset_Coreset,Coreset,Coreset,50,77.0,73.0,69.0,74.0,74.0
Coreset_Coreset,Coreset,Coreset,60,78.0,73.0,74.0,77.0,77.0
Coreset_Coreset,Coreset,Coreset,70,82.0,76.0,75.0,79.0,78.0
Coreset_Coreset,Coreset,Coreset,80,86.0,75.0,75.0,79.0,87.0
Coreset_Coreset,Coreset,Coreset,90,86.0,81.0,77.0,79.0,87.0
Coreset_Coreset,Coreset,Coreset,100,86.0,82.0,83.0,78.0,87.0
Coreset_Coreset,Coreset,Coreset,110,89.0,85.0,86.0,81.0,88.0
Coreset_Coreset,Coreset,Coreset,120,90.0,86.0,87.0,80.0,88.0
